Area_SqFt,Rooms,Build_Year,Location,Street_Type,Furnishing,Property_Type,Has_Pool,Price
2473.192784,4.0,1992,Jaipur,Residential Lane,Furnished,Apartment,No,568486.0
2353.472711,4.0,2006,Indore,Corner Plot,Unfurnished,Apartment,Yes,577214.0
2212.222005,3.0,2012,Jaipur,Highway Facing,Semi-Furnished,Duplex,No,581300.0
2823.886596,6.0,1993,Lucknow,Main Road,Unfurnished,Villa,Yes,794614.0
1869.648721,5.0,2012,Jaipur,Corner Plot,Semi-Furnished,Apartment,No,493086.0
2073.80225,5.0,1986,Kanpur,Residential Lane,Semi-Furnished,Apartment,No,470693.0
4316.818615,6.0,2008,Lucknow,Corner Plot,Semi-Furnished,Apartment,No,988286.819
2520.167537,4.0,2019,Prayagraj,Residential Lane,Semi-Furnished,Apartment,No,583210.0
2382.194887,3.0,2017,Jaipur,Gated Society,Semi-Furnished,Independent House,Yes,694155.0
2160.394433,6.0,1998,Prayagraj,Residential Lane,Furnished,Apartment,No,552135.0
2117.206378,4.0,2016,Lucknow,Gated Society,Semi-Furnished,Duplex,No,608117.0
1906.07095,4.0,2013,Indore,Highway Facing,Semi-Furnished,Duplex,Yes,551382.0
1393.167663,6.0,1990,Lucknow,Corner Plot,Semi-Furnished,Duplex,No,480838.0
1774.276388,2.0,2023,Delhi,Main Road,Semi-Furnished,Apartment,No,516094.0
1457.835515,7.0,1992,Kanpur,Gated Society,Semi-Furnished,Apartment,No,423867.0
1833.666659,2.0,1996,Noida,Highway Facing,Furnished,Apartment,No,461212.0
2256.291225,3.0,2012,Prayagraj,Main Road,Semi-Furnished,Independent House,Yes,594145.0
825.6824721,7.0,2016,Jaipur,Highway Facing,Semi-Furnished,Apartment,No,373669.0
2124.489948,3.0,1990,Jaipur,Main Road,Furnished,Independent House,No,587632.0
2634.320043,5.0,2020,Gurugram,Highway Facing,Furnished,Apartment,Yes,759944.0
2121.095774,3.0,2024,Lucknow,Main Road,Furnished,Duplex,Yes,670503.0
2342.935537,2.0,2019,Indore,Highway Facing,Unfurnished,Apartment,No,513401.0
2669.698783,7.0,2009,Prayagraj,Residential Lane,Furnished,Independent House,No,741340.0
2777.141066,2.0,2020,Delhi,Gated Society,Furnished,Apartment,No,767737.0
2676.976224,2.0,1996,Kanpur,Gated Society,Semi-Furnished,Duplex,No,664507.0
1134.993085,2.0,2012,Delhi,Gated Society,Furnished,Independent House,No,471846.0
3013.916826,2.0,2012,Kanpur,Gated Society,Unfurnished,Independent House,No,692447.0
2129.817363,7.0,2015,Delhi,Corner Plot,Furnished,Apartment,No,686516.0
1954.416776,3.0,2009,Kanpur,Residential Lane,Unfurnished,Apartment,No,428810.0
2549.311903,3.0,2011,Noida,Main Road,Unfurnished,Apartment,No,583833.0
1549.203908,7.0,2000,Gurugram,Corner Plot,Semi-Furnished,Apartment,Yes,553767.0
1539.927544,3.0,2006,Kanpur,Main Road,Furnished,Villa,No,551212.0
1708.78385,2.0,1992,Lucknow,Corner Plot,Semi-Furnished,Apartment,No,376354.0
2225.064512,4.0,2024,Prayagraj,Residential Lane,Semi-Furnished,Apartment,No,509383.0
1836.017444,5.0,2010,Prayagraj,Main Road,Semi-Furnished,Apartment,Yes,524827.0
2136.489625,7.0,2009,Prayagraj,Main Road,Unfurnished,Independent House,No,603139.0
3367.185908,4.0,1996,Gurugram,Gated Society,Furnished,Apartment,No,851078.0
2584.50081,5.0,2017,Prayagraj,Residential Lane,Semi-Furnished,Independent House,No,654808.0
2129.373319,3.0,2003,Delhi,Gated Society,Semi-Furnished,Independent House,No,638105.0
2389.237472,5.0,2008,Gurugram,Corner Plot,Furnished,Villa,No,797935.0
2445.459141,2.0,2017,Gurugram,Corner Plot,Furnished,Apartment,No,650435.0
1969.820115,3.0,2019,Noida,Gated Society,Unfurnished,Apartment,No,528162.0
1875.849384,5.0,1995,Lucknow,Main Road,Unfurnished,Apartment,No,470946.0
2503.455356,4.0,2019,Noida,Main Road,Unfurnished,Apartment,No,611440.0
2575.074134,2.0,2020,Delhi,Highway Facing,Furnished,Apartment,Yes,701929.0
3251.774702,6.0,1989,Delhi,Corner Plot,Semi-Furnished,Villa,No,942094.0
2543.265899,6.0,2023,Noida,Gated Society,Semi-Furnished,Independent House,No,779298.0
2688.941362,2.0,2022,Prayagraj,Residential Lane,Semi-Furnished,Duplex,Yes,679739.0
5648.321783,7.0,2003,Prayagraj,Main Road,Unfurnished,Apartment,No,1355674.054
2302.416789,5.0,1990,Gurugram,Gated Society,Semi-Furnished,Independent House,No,690306.0
1764.554012,7.0,1987,Noida,Corner Plot,Semi-Furnished,Independent House,No,544324.0
2556.15696,2.0,1987,Kanpur,Main Road,Semi-Furnished,Apartment,No,532557.0
2107.561066,4.0,2004,Jaipur,Main Road,Furnished,Apartment,Yes,587094.0
2990.21507,4.0,1996,Indore,Corner Plot,Furnished,Apartment,No,662008.0
2454.498373,3.0,2012,Delhi,Corner Plot,Unfurnished,Independent House,Yes,678874.0
1148.011416,5.0,1997,Prayagraj,Gated Society,Unfurnished,Villa,No,453967.0
1473.871736,7.0,1989,Delhi,Main Road,Semi-Furnished,Duplex,Yes,648863.0
2954.807788,2.0,2006,Delhi,Gated Society,Furnished,Apartment,No,744065.0
2320.275701,6.0,2015,Gurugram,Gated Society,Semi-Furnished,Independent House,No,722931.0
1845.648651,6.0,1998,Delhi,Highway Facing,Furnished,Apartment,Yes,641824.0
2384.771809,3.0,2012,Jaipur,Residential Lane,Semi-Furnished,Independent House,No,598958.0
1915.148259,2.0,1989,Gurugram,Main Road,Semi-Furnished,Independent House,Yes,581398.0
2968.236468,7.0,1986,Jaipur,Corner Plot,Unfurnished,Independent House,No,713664.0
2652.843884,4.0,2018,Kanpur,Main Road,Unfurnished,Apartment,No,631656.0
2739.851057,6.0,2013,Indore,Main Road,Semi-Furnished,Apartment,Yes,715326.0
2411.235997,6.0,1986,Gurugram,Highway Facing,Furnished,Apartment,No,646834.0
1594.311452,2.0,1987,Gurugram,Gated Society,Unfurnished,Independent House,No,473554.0
2538.85866,3.0,2012,Kanpur,Gated Society,Semi-Furnished,Independent House,No,633278.0
2632.318676,2.0,1998,Gurugram,Main Road,Furnished,Independent House,No,691849.0
2267.378024,4.0,2001,Delhi,Main Road,Semi-Furnished,Duplex,No,722050.0
2639.830172,7.0,2010,Kanpur,Residential Lane,Semi-Furnished,Apartment,No,636412.0
2668.271151,7.0,2002,Gurugram,Highway Facing,Furnished,Apartment,No,716306.0
2097.202183,2.0,2001,Noida,Corner Plot,Furnished,Apartment,Yes,564036.0
1002.825236,2.0,2002,Jaipur,Residential Lane,Semi-Furnished,Independent House,Yes,337270.0
1095.837588,6.0,1990,Indore,Residential Lane,Furnished,Independent House,No,415465.0
2473.117987,6.0,2006,Kanpur,Corner Plot,Unfurnished,Apartment,Yes,603065.0
2638.616312,7.0,2014,Gurugram,Main Road,Semi-Furnished,Independent House,Yes,823165.0
2883.083829,6.0,1990,Lucknow,Highway Facing,Furnished,Independent House,No,731411.0
3215.839182,7.0,2022,Gurugram,Corner Plot,Furnished,Independent House,No,920438.0
2160.57928,7.0,2019,Delhi,Gated Society,Unfurnished,Duplex,No,723076.0
2404.13023,2.0,2018,Gurugram,Main Road,Semi-Furnished,Independent House,Yes,683072.0
1827.972839,7.0,2017,Jaipur,Main Road,Furnished,Duplex,No,598689.0
2656.17307,4.0,2023,Kanpur,Highway Facing,Semi-Furnished,Apartment,Yes,607511.0
2386.173024,6.0,2017,Jaipur,Highway Facing,Unfurnished,Apartment,No,578836.0
1599.735259,2.0,1988,Noida,Gated Society,Unfurnished,Apartment,No,387446.0
2907.83623,6.0,2013,Lucknow,Gated Society,Semi-Furnished,Independent House,Yes,806607.0
2427.389197,4.0,2011,Gurugram,Residential Lane,Furnished,Apartment,No,673112.0
1276.297395,4.0,1996,Indore,Residential Lane,Semi-Furnished,Apartment,No,315242.0
3180.18999,6.0,1992,Delhi,Corner Plot,Semi-Furnished,Apartment,No,804859.0
2018.899461,3.0,2020,Delhi,Main Road,Unfurnished,Independent House,Yes,631937.0
1269.144454,2.0,1993,Delhi,Gated Society,Semi-Furnished,Apartment,Yes,472178.0
2778.480907,7.0,1986,Gurugram,Residential Lane,Unfurnished,Independent House,No,717074.0
2459.428458,5.0,1990,Delhi,Main Road,Unfurnished,Apartment,Yes,636161.0
1830.142683,2.0,1991,Delhi,Main Road,Semi-Furnished,Duplex,No,546034.0
1463.204326,2.0,2016,Jaipur,Highway Facing,Furnished,Duplex,Yes,504457.0
1884.485896,6.0,2013,Indore,Highway Facing,Furnished,Villa,No,640564.0
2963.720248,5.0,2014,Jaipur,Corner Plot,Furnished,Duplex,No,745201.0
2117.567118,3.0,2003,Lucknow,Main Road,Furnished,Apartment,No,533862.0
2714.623116,2.0,1987,Gurugram,Gated Society,Semi-Furnished,Apartment,Yes,699320.0
2729.53488,5.0,1992,Indore,Highway Facing,Unfurnished,Duplex,Yes,693222.0
2048.304739,3.0,1991,Delhi,Gated Society,Furnished,Apartment,No,571059.0
1281.621455,3.0,1985,Lucknow,Highway Facing,Furnished,Apartment,No,365456.0
1343.853955,6.0,2021,Kanpur,Main Road,Semi-Furnished,Apartment,No,435202.0
2734.50248,2.0,2001,Indore,Residential Lane,Semi-Furnished,Apartment,No,559053.0
2293.975991,5.0,2010,Prayagraj,Residential Lane,Furnished,Apartment,No,553604.0
1303.723858,2.0,2021,Noida,Corner Plot,Furnished,Apartment,No,425004.0
2340.816354,5.0,1991,Delhi,Residential Lane,Semi-Furnished,Villa,No,746435.0
1179.867808,7.0,1985,Lucknow,Highway Facing,Furnished,Apartment,Yes,404564.0
1692.221715,2.0,2023,Kanpur,Residential Lane,Semi-Furnished,Duplex,No,438470.0
2172.605252,3.0,2020,Gurugram,Highway Facing,Unfurnished,Villa,No,647925.0
1761.67671,3.0,2021,Gurugram,Residential Lane,Furnished,Apartment,Yes,549138.0
2565.055468,2.0,1996,Indore,Highway Facing,Semi-Furnished,Villa,No,670293.0
2907.447737,7.0,1992,Delhi,Corner Plot,Furnished,Duplex,Yes,912260.0
2436.290021,3.0,2005,Jaipur,Gated Society,Semi-Furnished,Apartment,No,588271.0
2092.198553,6.0,2002,Lucknow,Highway Facing,Furnished,Villa,No,660047.0
2245.256194,4.0,2023,Prayagraj,Main Road,Semi-Furnished,Independent House,Yes,652525.0
2034.801732,7.0,1988,Prayagraj,Main Road,Furnished,Duplex,No,595978.0
1675.597456,4.0,2021,Gurugram,Corner Plot,Semi-Furnished,Duplex,No,573055.0
2172.79496,6.0,2018,Lucknow,Corner Plot,Furnished,Duplex,Yes,716450.0
2841.906603,6.0,1994,Delhi,Residential Lane,Furnished,Duplex,Yes,880323.0
2457.709921,7.0,2007,Gurugram,Corner Plot,Unfurnished,Apartment,No,667335.0
2981.277336,7.0,2001,Indore,Highway Facing,Furnished,Apartment,Yes,753756.0
3496.557001,7.0,2021,Delhi,Highway Facing,Furnished,Independent House,Yes,1031661.0
2181.780165,7.0,2021,Prayagraj,Corner Plot,Furnished,Duplex,Yes,740422.0
700.0,6.0,1987,Noida,Highway Facing,Unfurnished,Independent House,No,310136.0
2805.911193,5.0,2017,Indore,Main Road,Furnished,Apartment,Yes,735009.0
1689.451802,6.0,2015,Noida,Highway Facing,Furnished,Duplex,No,623800.0
1754.073244,3.0,2016,Gurugram,Main Road,Semi-Furnished,Apartment,Yes,557654.0
2078.341468,4.0,2014,Delhi,Residential Lane,Furnished,Independent House,Yes,689116.0
2296.550206,3.0,1988,Delhi,Corner Plot,Furnished,Independent House,No,657932.0
2857.275646,4.0,2002,Indore,Gated Society,Semi-Furnished,Independent House,No,686692.0
1262.202332,6.0,1995,Jaipur,Highway Facing,Furnished,Apartment,No,428089.0
2137.85452,5.0,2001,Delhi,Gated Society,Semi-Furnished,Apartment,Yes,644165.0
2334.090393,7.0,1995,Delhi,Corner Plot,Furnished,Independent House,No,728983.0
1184.275161,3.0,2022,Prayagraj,Highway Facing,Furnished,Independent House,Yes,422769.0
2722.776515,4.0,1992,Delhi,Main Road,Furnished,Apartment,Yes,739726.0
3094.585709,4.0,2013,Prayagraj,Corner Plot,Unfurnished,Apartment,Yes,642562.0
3100.962012,5.0,2020,Indore,Main Road,Furnished,Independent House,No,833192.0
2689.905946,4.0,1997,Prayagraj,Residential Lane,Semi-Furnished,Apartment,Yes,571063.0
2868.335255,5.0,2022,Gurugram,Highway Facing,Furnished,Apartment,No,775458.0
3521.114455,5.0,2017,Indore,Residential Lane,Furnished,Independent House,No,852194.0
2064.05244,2.0,1997,Kanpur,Residential Lane,Unfurnished,Apartment,Yes,421054.0
2705.616578,3.0,2024,Gurugram,Highway Facing,Furnished,Duplex,No,779556.0
2232.796703,3.0,1996,Noida,Corner Plot,Unfurnished,Apartment,No,503659.0
2557.654866,5.0,1997,Gurugram,Residential Lane,Furnished,Independent House,No,739390.0
2514.156656,6.0,2016,Noida,Residential Lane,Semi-Furnished,Apartment,No,664703.0
1930.665289,5.0,1994,Prayagraj,Gated Society,Semi-Furnished,Apartment,No,544813.0
2014.8575,6.0,2015,Indore,Corner Plot,Semi-Furnished,Independent House,No,593006.0
2215.728227,3.0,2016,Noida,Gated Society,Semi-Furnished,Independent House,No,673675.0
2924.31896,3.0,1996,Noida,Gated Society,Semi-Furnished,Apartment,No,702685.0
2498.980085,7.0,2023,Noida,Main Road,Semi-Furnished,Duplex,No,771345.0
2644.011219,2.0,2024,Lucknow,Gated Society,Furnished,Apartment,No,628098.0
2117.26908,3.0,2013,Kanpur,Main Road,Semi-Furnished,Apartment,No,516228.0
3025.417885,7.0,2004,Gurugram,Gated Society,Semi-Furnished,Independent House,No,876479.0
2588.966426,5.0,1999,Gurugram,Gated Society,Furnished,Duplex,No,802079.0
2023.107275,3.0,2013,Gurugram,Gated Society,Unfurnished,Apartment,No,538241.0
2703.980221,4.0,2007,Lucknow,Gated Society,Furnished,Duplex,No,749753.0
1797.023695,6.0,1985,Prayagraj,Gated Society,Unfurnished,Apartment,No,454562.0
2808.039263,4.0,2015,Prayagraj,Gated Society,Semi-Furnished,Apartment,No,679814.0
2388.335271,2.0,2017,Indore,Gated Society,Unfurnished,Independent House,No,569691.0
2510.421643,6.0,2022,Kanpur,Highway Facing,Unfurnished,Villa,No,722076.0
2036.340073,4.0,1985,Kanpur,Main Road,Furnished,Independent House,Yes,597304.0
2844.36929,4.0,2013,Delhi,Main Road,Semi-Furnished,Apartment,No,773697.0
1546.332303,7.0,1994,Delhi,Highway Facing,Semi-Furnished,Duplex,No,591557.0
2249.284488,5.0,2020,Indore,Residential Lane,Semi-Furnished,Independent House,No,581606.0
1744.089556,7.0,2002,Prayagraj,Corner Plot,Unfurnished,Independent House,No,500679.0
1902.822799,2.0,2020,Kanpur,Main Road,Semi-Furnished,Independent House,No,510752.0
2765.861062,4.0,2020,Jaipur,Residential Lane,Furnished,Apartment,Yes,708111.0
2155.857525,6.0,2001,Prayagraj,Highway Facing,Semi-Furnished,Independent House,Yes,627133.0
1893.379518,6.0,2009,Gurugram,Gated Society,Semi-Furnished,Apartment,No,571752.0
3139.700503,4.0,2023,Kanpur,Highway Facing,Semi-Furnished,Apartment,No,691921.0
2293.018228,5.0,2024,Lucknow,Highway Facing,Semi-Furnished,Apartment,No,585872.0
2839.057981,6.0,1986,Lucknow,Highway Facing,Semi-Furnished,Apartment,No,616503.0
3129.300349,5.0,1987,Noida,Corner Plot,Semi-Furnished,Independent House,Yes,825744.0
2056.725791,7.0,2020,Prayagraj,Main Road,Furnished,Apartment,No,620294.0
2887.027353,5.0,2001,Indore,Corner Plot,Semi-Furnished,Apartment,No,650663.0
2285.485032,5.0,2018,Lucknow,Main Road,Furnished,Apartment,Yes,690971.0
1354.951543,2.0,1993,Gurugram,Corner Plot,Furnished,Duplex,No,448660.0
2400.915546,5.0,2021,Lucknow,Main Road,Furnished,Villa,No,781802.0
2705.492066,7.0,1998,Indore,Corner Plot,Unfurnished,Apartment,No,624964.0
2591.749319,3.0,2009,Delhi,Corner Plot,Semi-Furnished,Apartment,No,660279.0
2357.804586,7.0,2009,Noida,Gated Society,Furnished,Apartment,No,705924.0
2231.157459,5.0,1997,Lucknow,Residential Lane,Furnished,Duplex,No,626943.0
1288.961924,4.0,1989,Noida,Main Road,Furnished,Duplex,No,506229.0
2281.767101,2.0,2007,Gurugram,Gated Society,Furnished,Apartment,Yes,645451.0
2366.347343,5.0,2017,Jaipur,Main Road,Furnished,Apartment,No,618440.0
2469.849922,7.0,2023,Prayagraj,Corner Plot,Semi-Furnished,Independent House,No,664271.0
2409.197192,7.0,1998,Prayagraj,Gated Society,Furnished,Apartment,Yes,637727.0
1984.639357,6.0,1994,Indore,Gated Society,Furnished,Apartment,No,556562.0
5505.772234,5.0,1995,Lucknow,Gated Society,Semi-Furnished,Apartment,No,1284263.922
2842.519747,4.0,2013,Kanpur,Residential Lane,Unfurnished,Duplex,No,651321.0
2828.27955,5.0,2013,Noida,Residential Lane,Furnished,Villa,No,817116.0
2189.908039,4.0,2006,Jaipur,Main Road,Furnished,Independent House,No,638196.0
2452.984679,2.0,2007,Prayagraj,Main Road,Semi-Furnished,Independent House,No,565138.0
2132.342342,2.0,1989,Indore,Residential Lane,Semi-Furnished,Duplex,No,506117.0
1864.01056,3.0,1989,Kanpur,Residential Lane,Furnished,Apartment,No,440623.0
2533.922105,3.0,1999,Delhi,Corner Plot,Semi-Furnished,Villa,Yes,812307.0
2450.738275,7.0,1994,Lucknow,Highway Facing,Unfurnished,Independent House,No,667703.0
3040.657635,5.0,2018,Jaipur,Main Road,Unfurnished,Apartment,Yes,746659.0
1625.354943,5.0,2009,Lucknow,Corner Plot,Furnished,Apartment,Yes,469769.0
2369.073684,4.0,2016,Jaipur,Main Road,Furnished,Independent House,No,675517.0
1517.274551,7.0,1992,Kanpur,Corner Plot,Furnished,Apartment,No,458809.0
1744.345477,5.0,2013,Noida,Gated Society,Semi-Furnished,Apartment,No,558550.0
2192.638461,5.0,1997,Prayagraj,Gated Society,Semi-Furnished,Independent House,No,600130.0
2289.468499,2.0,2021,Noida,Residential Lane,Furnished,Apartment,Yes,597091.0
2085.037208,3.0,2018,Noida,Gated Society,Semi-Furnished,Independent House,Yes,644197.0
1768.305928,3.0,2004,Gurugram,Highway Facing,Unfurnished,Apartment,No,464564.0
3149.830118,7.0,2019,Kanpur,Gated Society,Furnished,Apartment,Yes,837376.0
1971.093298,2.0,1991,Kanpur,Highway Facing,Furnished,Independent House,No,461943.0
3223.723578,7.0,2008,Noida,Highway Facing,Furnished,Villa,No,981429.0
1749.990614,7.0,2008,Kanpur,Residential Lane,Semi-Furnished,Villa,No,592138.0
700.0,5.0,2014,Jaipur,Main Road,Furnished,Apartment,No,340017.0
3032.397359,4.0,2017,Lucknow,Corner Plot,Unfurnished,Apartment,No,677986.0
2831.075132,4.0,2023,Indore,Gated Society,Furnished,Apartment,No,708317.0
2277.487436,6.0,2003,Kanpur,Residential Lane,Unfurnished,Villa,No,605316.0
2482.480059,3.0,1989,Noida,Corner Plot,Furnished,Duplex,No,660858.0
2254.948049,5.0,1990,Kanpur,Corner Plot,Furnished,Apartment,Yes,579518.0
2170.44052,6.0,2014,Noida,Corner Plot,Furnished,Apartment,No,647913.0
1611.912173,2.0,1997,Delhi,Gated Society,Unfurnished,Apartment,No,417087.0
2779.181588,6.0,1988,Gurugram,Residential Lane,Semi-Furnished,Independent House,No,768052.0
2837.885185,7.0,2021,Noida,Gated Society,Semi-Furnished,Apartment,No,779435.0
1466.763479,2.0,2005,Delhi,Gated Society,Furnished,Apartment,No,530484.0
1795.974633,7.0,2017,Prayagraj,Gated Society,Unfurnished,Independent House,No,543491.0
2297.042855,2.0,2018,Kanpur,Residential Lane,Semi-Furnished,Apartment,Yes,523061.0
1953.39088,4.0,2023,Indore,Corner Plot,Semi-Furnished,Duplex,No,606991.0
2192.518441,6.0,2004,Lucknow,Corner Plot,Semi-Furnished,Apartment,No,584486.0
2001.739628,2.0,2024,Noida,Main Road,Furnished,Apartment,No,564119.0
2685.710377,2.0,2019,Lucknow,Main Road,Semi-Furnished,Apartment,Yes,639627.0
1453.428372,5.0,1994,Lucknow,Corner Plot,Unfurnished,Apartment,Yes,398487.0
2777.309798,7.0,2024,Lucknow,Corner Plot,Semi-Furnished,Apartment,No,684666.0
1338.88047,4.0,2024,Lucknow,Main Road,Furnished,Apartment,No,454958.0
2629.989621,6.0,1988,Kanpur,Highway Facing,Unfurnished,Villa,No,699816.0
1725.943792,6.0,2009,Lucknow,Main Road,Unfurnished,Apartment,Yes,507814.0
2361.366676,5.0,2013,Kanpur,Residential Lane,Furnished,Villa,No,696897.0
1469.634917,3.0,2006,Lucknow,Residential Lane,Furnished,Apartment,No,406431.0
2333.997875,4.0,2018,Jaipur,Residential Lane,Semi-Furnished,Independent House,No,599056.0
1364.853081,6.0,1995,Gurugram,Highway Facing,Furnished,Independent House,No,544063.0
2025.334741,5.0,2023,Lucknow,Corner Plot,Unfurnished,Apartment,Yes,534602.0
2076.659663,3.0,2009,Jaipur,Gated Society,Furnished,Apartment,Yes,574704.0
2482.649317,5.0,2001,Gurugram,Corner Plot,Semi-Furnished,Apartment,No,646509.0
2349.983786,4.0,2011,Kanpur,Corner Plot,Semi-Furnished,Apartment,No,557104.0
2919.168346,4.0,2004,Indore,Residential Lane,Unfurnished,Apartment,Yes,636259.0
2497.478072,5.0,2004,Kanpur,Main Road,Furnished,Villa,No,751072.0
2562.659322,7.0,2022,Lucknow,Main Road,Furnished,Apartment,Yes,731122.0
1163.139971,4.0,2019,Kanpur,Main Road,Furnished,Duplex,Yes,477632.0
2435.572129,7.0,2006,Jaipur,Gated Society,Unfurnished,Apartment,No,648987.0
1305.6939,7.0,2005,Prayagraj,Corner Plot,Furnished,Independent House,No,464099.0
2299.872765,2.0,1988,Noida,Main Road,Furnished,Independent House,No,638942.0
1583.767537,4.0,2010,Kanpur,Gated Society,Semi-Furnished,Independent House,Yes,519099.0
1642.069618,5.0,2012,Lucknow,Gated Society,Unfurnished,Apartment,Yes,506464.0
2643.610297,4.0,1985,Prayagraj,Main Road,Semi-Furnished,Independent House,No,620559.0
1491.628936,2.0,1997,Delhi,Main Road,Furnished,Apartment,No,412927.0
2029.935008,6.0,1993,Delhi,Main Road,Unfurnished,Independent House,No,610049.0
2307.456406,6.0,1995,Gurugram,Gated Society,Unfurnished,Apartment,Yes,679206.0
3014.312431,6.0,1996,Delhi,Gated Society,Semi-Furnished,Duplex,No,857208.0
2578.32483,7.0,2007,Jaipur,Main Road,Semi-Furnished,Independent House,No,722452.0
2052.308144,5.0,2002,Jaipur,Corner Plot,Semi-Furnished,Duplex,Yes,606174.0
1279.055655,2.0,2023,Prayagraj,Main Road,Semi-Furnished,Duplex,No,392299.0
2230.566558,4.0,1993,Lucknow,Highway Facing,Semi-Furnished,Apartment,No,554545.0
1570.950586,2.0,1996,Delhi,Gated Society,Semi-Furnished,Duplex,No,540125.0
1886.419766,2.0,2007,Kanpur,Corner Plot,Semi-Furnished,Duplex,No,501488.0
6170.583006,2.0,2022,Lucknow,Corner Plot,Unfurnished,Villa,No,1265986.684
1199.380639,3.0,2020,Indore,Residential Lane,Furnished,Apartment,No,340411.0
1669.57766,6.0,1994,Lucknow,Highway Facing,Furnished,Apartment,No,462381.0
1274.108994,7.0,1989,Indore,Corner Plot,Semi-Furnished,Independent House,No,420434.0
2215.3733,6.0,1988,Kanpur,Highway Facing,Semi-Furnished,Apartment,Yes,562495.0
1207.920218,6.0,2021,Prayagraj,Highway Facing,Unfurnished,Independent House,No,398436.0
1353.183414,7.0,1988,Delhi,Main Road,Semi-Furnished,Apartment,No,461020.0
2561.064667,4.0,2018,Gurugram,Residential Lane,Furnished,Apartment,No,664358.0
1111.385104,5.0,2008,Prayagraj,Residential Lane,Semi-Furnished,Apartment,No,329712.0
2805.527799,3.0,2003,Prayagraj,Corner Plot,Unfurnished,Independent House,Yes,688445.0
3115.44214,7.0,1996,Kanpur,Highway Facing,Semi-Furnished,Apartment,Yes,774294.0
2001.095097,3.0,1996,Gurugram,Highway Facing,Semi-Furnished,Apartment,No,544019.0
2171.389171,3.0,2020,Delhi,Highway Facing,Semi-Furnished,Independent House,No,672398.0
2780.831245,7.0,2011,Gurugram,Corner Plot,Unfurnished,Independent House,No,775968.0
1637.224729,7.0,1987,Prayagraj,Gated Society,Unfurnished,Apartment,No,423201.0
3276.385002,4.0,1987,Noida,Gated Society,Semi-Furnished,Villa,No,879204.0
1708.107548,2.0,2014,Gurugram,Residential Lane,Semi-Furnished,Villa,Yes,595748.0
2598.802683,2.0,1999,Indore,Gated Society,Unfurnished,Villa,Yes,716676.0
2392.044897,2.0,2018,Indore,Corner Plot,Semi-Furnished,Apartment,Yes,583847.0
1764.169043,5.0,1997,Noida,Gated Society,Unfurnished,Independent House,No,542807.0
1945.202074,3.0,2000,Noida,Residential Lane,Semi-Furnished,Independent House,No,525186.0
2434.5727,4.0,1992,Indore,Highway Facing,Furnished,Independent House,No,607920.0
2204.380355,7.0,1994,Indore,Corner Plot,Semi-Furnished,Independent House,No,627455.0
1339.297647,6.0,2008,Kanpur,Corner Plot,Furnished,Villa,No,536364.0
2185.934128,7.0,2018,Noida,Highway Facing,Furnished,Apartment,Yes,657825.0
2588.749586,7.0,2022,Indore,Residential Lane,Semi-Furnished,Apartment,No,669520.0
2301.695449,3.0,1988,Jaipur,Highway Facing,Semi-Furnished,Duplex,No,552552.0
2414.755667,6.0,2001,Noida,Gated Society,Semi-Furnished,Independent House,No,712198.0
2487.234025,6.0,2021,Lucknow,Highway Facing,Unfurnished,Independent House,No,640407.0
1860.291458,4.0,2003,Noida,Main Road,Semi-Furnished,Duplex,No,575363.0
1009.407162,3.0,2000,Kanpur,Highway Facing,Semi-Furnished,Independent House,No,339788.0
2556.475498,6.0,2018,Indore,Corner Plot,Semi-Furnished,Apartment,No,651971.0
1545.823459,7.0,1985,Lucknow,Highway Facing,Semi-Furnished,Apartment,No,457816.0
2222.505546,5.0,1994,Prayagraj,Residential Lane,Furnished,Apartment,Yes,538612.0
2080.080267,7.0,2001,Lucknow,Gated Society,Semi-Furnished,Duplex,No,604316.0
3309.84938,5.0,2012,Delhi,Corner Plot,Unfurnished,Apartment,No,806467.0
2069.267681,7.0,1991,Prayagraj,Main Road,Unfurnished,Independent House,Yes,589328.0
1518.491108,4.0,2020,Lucknow,Highway Facing,Furnished,Duplex,No,486913.0
2568.620944,6.0,2006,Indore,Highway Facing,Semi-Furnished,Duplex,Yes,735937.0
1859.036197,5.0,2007,Lucknow,Residential Lane,Unfurnished,Apartment,No,487759.0
3369.539574,4.0,1999,Kanpur,Main Road,Furnished,Independent House,No,804911.0
2658.094631,2.0,1994,Gurugram,Highway Facing,Unfurnished,Independent House,No,635589.0
2817.575175,5.0,2022,Lucknow,Main Road,Unfurnished,Independent House,No,722279.0
1601.005936,3.0,2022,Jaipur,Gated Society,Unfurnished,Duplex,No,500176.0
2560.05979,7.0,2002,Kanpur,Gated Society,Semi-Furnished,Independent House,No,707935.0
2168.31562,6.0,2017,Gurugram,Gated Society,Semi-Furnished,Apartment,Yes,712315.0
1781.071487,5.0,2019,Indore,Highway Facing,Unfurnished,Independent House,No,507771.0
1966.922974,4.0,2007,Kanpur,Residential Lane,Unfurnished,Apartment,Yes,436734.0
2434.237963,6.0,1992,Lucknow,Main Road,Semi-Furnished,Villa,No,715307.0
2368.307919,6.0,1994,Lucknow,Corner Plot,Furnished,Independent House,No,669879.0
1817.380742,3.0,1992,Kanpur,Gated Society,Furnished,Apartment,No,440413.0
4122.732784,2.0,1987,Prayagraj,Highway Facing,Furnished,Apartment,No,783551.0
2630.560441,6.0,2013,Gurugram,Residential Lane,Semi-Furnished,Apartment,No,663785.0
2207.850187,4.0,1989,Delhi,Residential Lane,Semi-Furnished,Apartment,Yes,581842.0
3125.950574,4.0,2005,Noida,Highway Facing,Furnished,Apartment,No,742183.0
2095.983785,5.0,2007,Jaipur,Residential Lane,Furnished,Independent House,No,608667.0
1897.103342,7.0,2012,Gurugram,Corner Plot,Furnished,Duplex,No,665807.0
1703.161083,4.0,2024,Lucknow,Residential Lane,Unfurnished,Apartment,Yes,455563.0
2234.748575,2.0,2007,Lucknow,Gated Society,Furnished,Apartment,Yes,611642.0
2579.63024,6.0,1994,Jaipur,Gated Society,Furnished,Apartment,Yes,662883.0
1946.855129,4.0,2020,Indore,Gated Society,Semi-Furnished,Apartment,No,504996.0
1490.507603,3.0,1994,Noida,Main Road,Furnished,Independent House,Yes,491501.0
967.6294175,5.0,2009,Prayagraj,Main Road,Semi-Furnished,Independent House,Yes,396485.0
2533.697683,3.0,2024,Jaipur,Highway Facing,Unfurnished,Apartment,Yes,600368.0
2087.291915,2.0,2013,Kanpur,Corner Plot,Unfurnished,Duplex,Yes,543691.0
2782.013876,6.0,1985,Noida,Corner Plot,Unfurnished,Independent House,No,719639.0
2038.318179,5.0,2019,Noida,Main Road,Unfurnished,Apartment,Yes,592208.0
2625.772304,4.0,1990,Delhi,Highway Facing,Semi-Furnished,Apartment,No,632613.0
1629.676947,7.0,2019,Indore,Highway Facing,Unfurnished,Villa,No,580074.0
2779.770772,3.0,2006,Prayagraj,Highway Facing,Unfurnished,Duplex,No,659643.0
1362.702448,2.0,2012,Kanpur,Highway Facing,Semi-Furnished,Apartment,No,348115.0
2880.664626,4.0,1986,Jaipur,Corner Plot,Unfurnished,Villa,Yes,735024.0
1892.5529,4.0,2013,Prayagraj,Residential Lane,Unfurnished,Duplex,Yes,531981.0
2387.620022,2.0,2011,Jaipur,Highway Facing,Semi-Furnished,Independent House,No,557996.0
2608.512479,3.0,2022,Gurugram,Highway Facing,Furnished,Duplex,No,773899.0
1899.325953,5.0,2003,Jaipur,Residential Lane,Furnished,Apartment,No,496189.0
2854.451268,7.0,2020,Noida,Gated Society,Furnished,Apartment,Yes,866047.0
3385.433012,4.0,2006,Prayagraj,Highway Facing,Unfurnished,Independent House,No,722182.0
1923.118421,2.0,1988,Delhi,Corner Plot,Unfurnished,Apartment,No,462812.0
2616.847968,7.0,2022,Noida,Highway Facing,Semi-Furnished,Apartment,Yes,774097.0
2374.09718,5.0,1999,Gurugram,Main Road,Semi-Furnished,Duplex,No,704351.0
2345.118436,2.0,2004,Jaipur,Main Road,Unfurnished,Apartment,Yes,511282.0
1664.786552,7.0,2017,Noida,Residential Lane,Unfurnished,Apartment,No,465668.0
1194.889105,7.0,1987,Delhi,Highway Facing,Semi-Furnished,Apartment,No,441893.0
2749.631341,4.0,2022,Lucknow,Residential Lane,Semi-Furnished,Duplex,No,698466.0
1936.521918,2.0,1997,Indore,Gated Society,Semi-Furnished,Apartment,No,423451.0
1825.476908,4.0,1998,Delhi,Main Road,Unfurnished,Apartment,Yes,526554.0
3018.24987,5.0,2005,Gurugram,Gated Society,Unfurnished,Apartment,No,751820.0
2142.731715,3.0,2007,Prayagraj,Residential Lane,Unfurnished,Villa,No,573527.0
2501.886109,6.0,2020,Delhi,Residential Lane,Furnished,Apartment,No,716750.0
2431.05197,2.0,2006,Jaipur,Gated Society,Semi-Furnished,Independent House,No,627913.0
2077.787435,6.0,2001,Prayagraj,Residential Lane,Semi-Furnished,Villa,No,575031.0
2405.852999,7.0,2001,Indore,Residential Lane,Unfurnished,Apartment,No,532360.0
2815.384891,3.0,1993,Gurugram,Highway Facing,Furnished,Independent House,Yes,793980.0
2342.187053,2.0,2017,Gurugram,Highway Facing,Semi-Furnished,Independent House,No,632082.0
2200.245022,4.0,1997,Noida,Gated Society,Semi-Furnished,Apartment,No,560495.0
1691.016456,6.0,2023,Noida,Main Road,Furnished,Apartment,Yes,609180.0
2127.352147,2.0,2023,Delhi,Main Road,Unfurnished,Independent House,No,614305.0
2715.565132,4.0,2016,Indore,Main Road,Semi-Furnished,Independent House,No,684181.0
2076.341573,7.0,2000,Lucknow,Highway Facing,Furnished,Independent House,Yes,684000.0
2932.466334,2.0,1999,Prayagraj,Main Road,Unfurnished,Duplex,No,648234.0
2860.043426,5.0,2013,Prayagraj,Highway Facing,Furnished,Apartment,No,664154.0
2085.075215,5.0,2015,Prayagraj,Main Road,Semi-Furnished,Apartment,No,564296.0
2863.603565,7.0,2023,Lucknow,Main Road,Furnished,Apartment,No,808151.0
1759.460564,5.0,1993,Kanpur,Gated Society,Furnished,Apartment,No,514018.0
1506.092992,3.0,2020,Prayagraj,Residential Lane,Furnished,Apartment,No,428913.0
1757.218434,4.0,2024,Noida,Corner Plot,Semi-Furnished,Independent House,No,588997.0
3342.558998,3.0,1996,Jaipur,Residential Lane,Unfurnished,Apartment,No,690644.0
3096.867277,4.0,2022,Prayagraj,Main Road,Semi-Furnished,Villa,No,863792.0
1229.293789,4.0,2020,Noida,Gated Society,Unfurnished,Villa,No,530984.0
1891.116131,4.0,1999,Indore,Residential Lane,Unfurnished,Apartment,No,387854.0
2237.394999,6.0,1991,Kanpur,Residential Lane,Unfurnished,Apartment,No,467369.0
2146.46475,2.0,2019,Gurugram,Gated Society,Unfurnished,Independent House,Yes,634895.0
2794.9717,4.0,2006,Kanpur,Residential Lane,Semi-Furnished,Apartment,Yes,614875.0
2219.319668,3.0,2019,Prayagraj,Gated Society,Semi-Furnished,Apartment,No,520116.0
2306.46317,4.0,1986,Gurugram,Main Road,Furnished,Independent House,No,646715.0
2402.207111,4.0,1989,Lucknow,Residential Lane,Semi-Furnished,Villa,No,606197.0
2580.495402,4.0,2016,Noida,Highway Facing,Semi-Furnished,Apartment,No,672642.0
3279.422955,2.0,1994,Delhi,Corner Plot,Semi-Furnished,Apartment,No,742963.0
2251.19393,2.0,2013,Noida,Corner Plot,Semi-Furnished,Apartment,No,539797.0
1755.910529,5.0,2000,Gurugram,Gated Society,Unfurnished,Independent House,No,563382.0
2867.051542,2.0,2019,Prayagraj,Residential Lane,Semi-Furnished,Independent House,Yes,669607.0
2520.191874,6.0,2014,Lucknow,Gated Society,Unfurnished,Villa,Yes,794063.0
2086.777313,3.0,1991,Noida,Highway Facing,Semi-Furnished,Apartment,Yes,523582.0
1263.782704,4.0,1992,Indore,Corner Plot,Unfurnished,Apartment,Yes,334950.0
1455.14597,5.0,2021,Lucknow,Residential Lane,Furnished,Duplex,Yes,528270.0
1145.04522,5.0,2016,Indore,Residential Lane,Semi-Furnished,Apartment,Yes,380806.0
1415.491593,7.0,2007,Jaipur,Residential Lane,Unfurnished,Apartment,Yes,454653.0
1547.776699,6.0,2009,Gurugram,Corner Plot,Unfurnished,Duplex,No,507405.0
9022.275608,6.0,2001,Indore,Corner Plot,Furnished,Independent House,No,1396460.448
3358.209154,5.0,2022,Jaipur,Main Road,Unfurnished,Apartment,No,758201.0
1910.610706,2.0,2016,Prayagraj,Gated Society,Unfurnished,Apartment,Yes,436953.0
3247.275124,3.0,1998,Lucknow,Corner Plot,Semi-Furnished,Apartment,No,714977.0
1709.221035,7.0,2012,Gurugram,Corner Plot,Semi-Furnished,Apartment,Yes,597697.0
2317.399161,7.0,1992,Kanpur,Main Road,Unfurnished,Apartment,No,566849.0
2881.030867,6.0,1989,Delhi,Main Road,Furnished,Independent House,Yes,840400.0
3591.260478,5.0,1997,Noida,Residential Lane,Furnished,Apartment,No,843466.0
1777.91845,2.0,1999,Indore,Residential Lane,Furnished,Duplex,Yes,498850.0
2278.150735,4.0,2010,Prayagraj,Gated Society,Semi-Furnished,Villa,No,686412.0
2175.391251,3.0,2001,Prayagraj,Residential Lane,Semi-Furnished,Villa,No,560119.0
2230.984958,5.0,1993,Delhi,Corner Plot,Furnished,Apartment,No,622559.0
1886.591889,2.0,1992,Kanpur,Corner Plot,Semi-Furnished,Villa,No,525318.0
2986.01436,4.0,2015,Indore,Residential Lane,Semi-Furnished,Independent House,No,699413.0
2103.43983,3.0,2022,Indore,Highway Facing,Semi-Furnished,Villa,Yes,670455.0
1813.499591,2.0,2005,Jaipur,Highway Facing,Semi-Furnished,Independent House,No,447745.0
1597.511598,5.0,1986,Prayagraj,Highway Facing,Semi-Furnished,Apartment,No,392781.0
2061.466931,6.0,2016,Lucknow,Corner Plot,Unfurnished,Apartment,No,538148.0
1867.810656,4.0,2012,Noida,Main Road,Unfurnished,Apartment,No,495874.0
2552.263887,5.0,2011,Indore,Corner Plot,Furnished,Apartment,Yes,666378.0
2666.956002,4.0,2008,Noida,Main Road,Unfurnished,Villa,No,756358.0
2675.859234,6.0,1987,Indore,Main Road,Furnished,Apartment,No,654455.0
1592.573797,2.0,1986,Noida,Gated Society,Semi-Furnished,Villa,Yes,594695.0
2393.877733,2.0,2022,Noida,Residential Lane,Furnished,Independent House,No,637432.0
3250.180259,4.0,2024,Delhi,Corner Plot,Furnished,Villa,No,975210.0
2132.510087,6.0,2021,Prayagraj,Gated Society,Furnished,Duplex,Yes,712933.0
2583.202,4.0,2014,Lucknow,Corner Plot,Unfurnished,Villa,No,719380.0
2415.928715,6.0,2012,Delhi,Residential Lane,Semi-Furnished,Apartment,No,698296.0
1972.516957,6.0,1985,Jaipur,Residential Lane,Semi-Furnished,Villa,No,636031.0
2148.500096,6.0,2000,Jaipur,Main Road,Furnished,Apartment,No,608594.0
2162.447308,7.0,1990,Kanpur,Gated Society,Semi-Furnished,Villa,No,670916.0
1807.017007,4.0,1990,Noida,Main Road,Semi-Furnished,Independent House,No,549409.0
2103.319943,7.0,1990,Noida,Residential Lane,Furnished,Duplex,No,667946.0
1958.020398,5.0,1999,Gurugram,Corner Plot,Semi-Furnished,Independent House,No,605938.0
2605.488893,3.0,2024,Prayagraj,Main Road,Unfurnished,Duplex,No,621939.0
3077.82667,7.0,1998,Jaipur,Corner Plot,Semi-Furnished,Apartment,No,725788.0
2254.487992,3.0,2015,Indore,Highway Facing,Furnished,Apartment,Yes,553496.0
959.1272309,6.0,2000,Noida,Residential Lane,Furnished,Villa,No,488705.0
1558.569158,7.0,2007,Kanpur,Residential Lane,Furnished,Apartment,No,423257.0
2201.545784,3.0,2002,Noida,Main Road,Furnished,Independent House,Yes,691496.0
2075.888813,4.0,1995,Indore,Corner Plot,Furnished,Apartment,No,507119.0
2448.385875,7.0,2019,Lucknow,Highway Facing,Semi-Furnished,Villa,No,751730.0
914.2348416,4.0,1993,Gurugram,Gated Society,Furnished,Apartment,Yes,397161.0
963.5214123,5.0,2018,Indore,Main Road,Unfurnished,Independent House,Yes,426338.0
1609.21564,2.0,2009,Lucknow,Residential Lane,Furnished,Apartment,No,421346.0
1606.80461,7.0,1986,Noida,Residential Lane,Furnished,Apartment,No,479516.0
1149.854152,6.0,2010,Delhi,Corner Plot,Furnished,Apartment,No,502703.0
1666.086242,5.0,2023,Noida,Highway Facing,Semi-Furnished,Independent House,Yes,617520.0
1892.147448,7.0,2024,Prayagraj,Highway Facing,Unfurnished,Apartment,Yes,542070.0
2549.613878,6.0,2010,Lucknow,Gated Society,Semi-Furnished,Apartment,Yes,686053.0
1687.337989,6.0,2021,Jaipur,Corner Plot,Semi-Furnished,Independent House,No,524124.0
1488.399329,5.0,1993,Gurugram,Corner Plot,Semi-Furnished,Villa,Yes,585898.0
2738.132162,3.0,1989,Kanpur,Highway Facing,Semi-Furnished,Independent House,Yes,655862.0
1992.814764,3.0,1993,Jaipur,Corner Plot,Unfurnished,Villa,Yes,584193.0
2691.124629,6.0,2015,Prayagraj,Residential Lane,Semi-Furnished,Apartment,No,661336.0
2505.573777,5.0,2015,Gurugram,Corner Plot,Furnished,Independent House,No,785730.0
1646.551855,6.0,1994,Indore,Main Road,Semi-Furnished,Independent House,No,494788.0
2356.063063,5.0,2011,Noida,Residential Lane,Semi-Furnished,Apartment,No,586710.0
2857.371369,5.0,2023,Delhi,Highway Facing,Semi-Furnished,Apartment,No,765134.0
2754.094185,7.0,1986,Lucknow,Gated Society,Semi-Furnished,Independent House,Yes,744548.0
1774.804099,7.0,2021,Kanpur,Residential Lane,Unfurnished,Apartment,No,469874.0
2442.718933,5.0,2006,Indore,Gated Society,Unfurnished,Villa,No,694893.0
2850.228716,3.0,2022,Indore,Gated Society,Furnished,Apartment,No,718734.0
2852.704041,7.0,2023,Kanpur,Corner Plot,Furnished,Independent House,Yes,842541.0
1116.49975,5.0,2001,Jaipur,Corner Plot,Semi-Furnished,Apartment,No,360127.0
3044.331796,4.0,1998,Delhi,Gated Society,Semi-Furnished,Apartment,Yes,795355.0
2843.60929,4.0,2004,Delhi,Gated Society,Furnished,Independent House,No,821867.0
2980.032195,5.0,2011,Jaipur,Main Road,Furnished,Apartment,Yes,738207.0
2980.19224,3.0,2000,Kanpur,Highway Facing,Unfurnished,Apartment,No,550654.0
1750.256488,6.0,2004,Prayagraj,Highway Facing,Semi-Furnished,Independent House,No,474259.0
1765.972104,5.0,2004,Lucknow,Highway Facing,Semi-Furnished,Independent House,No,514696.0
1549.969231,5.0,2006,Jaipur,Gated Society,Unfurnished,Apartment,No,445485.0
2354.060644,3.0,2010,Prayagraj,Corner Plot,Unfurnished,Independent House,No,519673.0
1787.113885,4.0,2010,Gurugram,Residential Lane,Semi-Furnished,Independent House,No,546875.0
1739.259812,3.0,2012,Indore,Highway Facing,Furnished,Duplex,No,499438.0
1815.374986,4.0,2021,Indore,Main Road,Unfurnished,Villa,Yes,634092.0
2544.758511,7.0,1995,Delhi,Gated Society,Furnished,Independent House,No,810413.0
2151.575542,7.0,2013,Lucknow,Highway Facing,Semi-Furnished,Duplex,No,652572.0
1064.273437,6.0,1999,Delhi,Highway Facing,Furnished,Independent House,No,480821.0
1754.031876,3.0,2022,Delhi,Residential Lane,Semi-Furnished,Apartment,No,550456.0
1914.036721,2.0,1991,Noida,Highway Facing,Furnished,Apartment,No,469069.0
1585.23769,2.0,1988,Noida,Corner Plot,Semi-Furnished,Independent House,Yes,473086.0
2316.915717,6.0,2008,Noida,Corner Plot,Furnished,Independent House,No,719731.0
2087.637567,5.0,2013,Jaipur,Highway Facing,Semi-Furnished,Independent House,Yes,633445.0
2478.074083,5.0,2014,Gurugram,Residential Lane,Semi-Furnished,Villa,Yes,827457.0
1811.29863,6.0,1985,Noida,Residential Lane,Furnished,Independent House,No,579209.0
2144.241959,6.0,2002,Prayagraj,Main Road,Unfurnished,Apartment,No,502894.0
2490.684836,2.0,2005,Prayagraj,Main Road,Semi-Furnished,Apartment,Yes,589388.0
2036.706732,5.0,2002,Gurugram,Residential Lane,Semi-Furnished,Apartment,No,550647.0
1865.955062,3.0,1995,Noida,Corner Plot,Semi-Furnished,Villa,No,591482.0
2898.044961,7.0,2009,Prayagraj,Highway Facing,Unfurnished,Independent House,No,714081.0
1460.775454,2.0,1993,Kanpur,Gated Society,Semi-Furnished,Villa,Yes,518235.0
1350.592456,3.0,1999,Gurugram,Highway Facing,Furnished,Apartment,No,423088.0
1903.970098,7.0,1997,Gurugram,Residential Lane,Furnished,Independent House,No,627069.0
3132.647583,2.0,1998,Delhi,Residential Lane,Furnished,Independent House,No,816228.0
1973.497147,4.0,2000,Indore,Main Road,Furnished,Apartment,No,509604.0
1299.317295,2.0,2007,Jaipur,Gated Society,Unfurnished,Apartment,No,341830.0
2737.798552,3.0,2012,Gurugram,Main Road,Semi-Furnished,Apartment,No,640702.0
1644.170979,3.0,1987,Kanpur,Gated Society,Furnished,Apartment,No,412477.0
2472.909553,3.0,1994,Noida,Corner Plot,Furnished,Apartment,No,596088.0
2849.352502,4.0,2023,Kanpur,Gated Society,Furnished,Apartment,Yes,730792.0
2377.635977,7.0,2003,Jaipur,Corner Plot,Semi-Furnished,Independent House,No,662076.0
2439.123536,6.0,2021,Noida,Highway Facing,Semi-Furnished,Independent House,No,720000.0
2479.711233,3.0,2024,Delhi,Main Road,Semi-Furnished,Apartment,Yes,733298.0
2705.837911,7.0,1997,Jaipur,Main Road,Semi-Furnished,Apartment,No,692892.0
1615.178137,4.0,2024,Jaipur,Residential Lane,Furnished,Independent House,No,498476.0
2851.31503,2.0,2015,Indore,Gated Society,Semi-Furnished,Apartment,Yes,665479.0
1907.699997,2.0,2012,Delhi,Residential Lane,Furnished,Independent House,No,552965.0
2746.661366,6.0,1995,Indore,Highway Facing,Furnished,Independent House,No,694051.0
2328.032709,2.0,2008,Kanpur,Main Road,Furnished,Apartment,No,522624.0
2325.991079,2.0,2000,Gurugram,Highway Facing,Semi-Furnished,Apartment,No,574016.0
1744.95805,2.0,2018,Indore,Residential Lane,Furnished,Independent House,Yes,494215.0
1344.216486,2.0,2023,Noida,Main Road,Furnished,Apartment,No,468688.0
2881.771204,5.0,2024,Delhi,Residential Lane,Unfurnished,Apartment,No,720187.0
3467.001314,3.0,1986,Lucknow,Residential Lane,Semi-Furnished,Apartment,No,666830.0
2391.215886,7.0,1993,Gurugram,Highway Facing,Unfurnished,Apartment,Yes,640032.0
1983.958792,6.0,1994,Delhi,Corner Plot,Semi-Furnished,Independent House,No,607180.0
2297.740745,6.0,2007,Noida,Highway Facing,Unfurnished,Apartment,No,602865.0
1955.308109,2.0,1986,Noida,Corner Plot,Furnished,Independent House,No,517095.0
1822.025408,7.0,2004,Gurugram,Highway Facing,Furnished,Independent House,No,602535.0
2466.341662,5.0,2019,Delhi,Highway Facing,Unfurnished,Apartment,No,665149.0
1926.687386,7.0,2024,Noida,Corner Plot,Semi-Furnished,Independent House,No,643117.0
2629.069303,4.0,1994,Delhi,Residential Lane,Unfurnished,Independent House,No,673346.0
2203.948157,4.0,2010,Kanpur,Residential Lane,Furnished,Apartment,Yes,525154.0
2192.105043,6.0,2023,Indore,Highway Facing,Unfurnished,Apartment,No,547437.0
2766.201615,7.0,1988,Gurugram,Gated Society,Furnished,Independent House,No,832818.0
2855.439123,5.0,2007,Gurugram,Residential Lane,Semi-Furnished,Apartment,Yes,737272.0
2250.105477,2.0,2019,Indore,Highway Facing,Semi-Furnished,Apartment,No,540137.0
2460.178011,6.0,2015,Lucknow,Corner Plot,Furnished,Apartment,Yes,698704.0
2239.998545,5.0,1992,Kanpur,Gated Society,Furnished,Villa,No,695371.0
2122.081618,6.0,2009,Indore,Highway Facing,Furnished,Apartment,Yes,579905.0
2747.569833,6.0,2004,Prayagraj,Highway Facing,Unfurnished,Duplex,No,708820.0
1736.62638,3.0,1986,Jaipur,Residential Lane,Semi-Furnished,Apartment,No,394250.0
1939.595832,4.0,2021,Prayagraj,Residential Lane,Furnished,Apartment,Yes,537781.0
1806.925628,7.0,2017,Delhi,Main Road,Semi-Furnished,Apartment,No,619430.0
2153.809972,4.0,2016,Noida,Main Road,Semi-Furnished,Duplex,No,651173.0
2058.105882,3.0,2008,Prayagraj,Residential Lane,Semi-Furnished,Independent House,Yes,528851.0
2728.386177,2.0,1999,Kanpur,Highway Facing,Furnished,Independent House,No,640946.0
2555.997118,7.0,2006,Lucknow,Main Road,Unfurnished,Apartment,No,596022.0
1663.548685,4.0,1996,Indore,Highway Facing,Furnished,Duplex,No,524302.0
1463.461045,7.0,2019,Prayagraj,Highway Facing,Unfurnished,Independent House,No,468898.0
1802.752114,7.0,2002,Delhi,Main Road,Unfurnished,Duplex,No,627680.0
1658.913345,2.0,2018,Prayagraj,Main Road,Unfurnished,Independent House,No,442639.0
2522.39119,5.0,2024,Lucknow,Main Road,Unfurnished,Independent House,Yes,690207.0
2229.437539,5.0,1999,Prayagraj,Corner Plot,Unfurnished,Apartment,No,499272.0
3103.113318,3.0,2001,Kanpur,Main Road,Semi-Furnished,Apartment,No,672526.0
2638.347725,4.0,1989,Jaipur,Residential Lane,Furnished,Duplex,Yes,709616.0
2923.128904,3.0,2019,Jaipur,Gated Society,Furnished,Duplex,No,776584.0
2850.040101,2.0,1985,Lucknow,Residential Lane,Furnished,Independent House,No,646664.0
1956.297819,2.0,2017,Jaipur,Residential Lane,Semi-Furnished,Duplex,Yes,578205.0
2615.315584,7.0,2011,Indore,Highway Facing,Unfurnished,Apartment,No,672240.0
2912.834684,7.0,2010,Noida,Main Road,Semi-Furnished,Apartment,No,744381.0
1801.805318,7.0,2017,Prayagraj,Main Road,Furnished,Independent House,Yes,620608.0
1995.478165,2.0,2001,Indore,Residential Lane,Semi-Furnished,Independent House,Yes,498474.0
2276.937978,6.0,2001,Indore,Corner Plot,Unfurnished,Apartment,Yes,592179.0
2929.283484,5.0,2002,Indore,Highway Facing,Furnished,Apartment,No,673320.0
1371.219675,4.0,2010,Delhi,Residential Lane,Furnished,Duplex,No,537743.0
1883.265058,3.0,2017,Delhi,Corner Plot,Unfurnished,Villa,No,584590.0
1760.032721,3.0,2019,Lucknow,Gated Society,Semi-Furnished,Apartment,No,443062.0
1888.388043,7.0,1985,Noida,Residential Lane,Semi-Furnished,Independent House,Yes,605901.0
1986.190346,2.0,1998,Noida,Main Road,Semi-Furnished,Independent House,No,583043.0
1713.712836,5.0,2010,Prayagraj,Residential Lane,Semi-Furnished,Independent House,No,430877.0
1854.415118,3.0,1993,Prayagraj,Main Road,Unfurnished,Independent House,No,441189.0
2460.663755,4.0,1996,Indore,Corner Plot,Semi-Furnished,Apartment,No,541348.0
2214.480309,6.0,2020,Lucknow,Corner Plot,Unfurnished,Independent House,Yes,657809.0
1871.664142,4.0,1990,Prayagraj,Highway Facing,Furnished,Apartment,Yes,436874.0
1563.732868,4.0,1989,Prayagraj,Main Road,Semi-Furnished,Apartment,No,394701.0
2546.581827,3.0,2008,Jaipur,Residential Lane,Unfurnished,Independent House,No,554804.0
1865.475421,7.0,2015,Lucknow,Corner Plot,Furnished,Independent House,No,614322.0
2511.424721,3.0,1989,Lucknow,Main Road,Semi-Furnished,Apartment,Yes,591075.0
2504.232036,5.0,2013,Prayagraj,Residential Lane,Furnished,Independent House,No,639094.0
2502.933254,2.0,1985,Kanpur,Gated Society,Semi-Furnished,Apartment,No,527024.0
3103.857986,4.0,1994,Prayagraj,Gated Society,Furnished,Independent House,No,763786.0
3024.007408,5.0,2016,Noida,Highway Facing,Furnished,Villa,No,884376.0
2290.534315,2.0,1995,Delhi,Corner Plot,Semi-Furnished,Apartment,No,565545.0
2408.840788,2.0,2005,Jaipur,Main Road,Semi-Furnished,Independent House,No,623102.0
1987.449623,3.0,2008,Kanpur,Corner Plot,Furnished,Apartment,No,499259.0
2588.875242,6.0,2024,Noida,Highway Facing,Semi-Furnished,Apartment,No,742073.0
2709.776787,6.0,2003,Noida,Highway Facing,Furnished,Villa,No,869636.0
2331.719207,3.0,1997,Lucknow,Residential Lane,Furnished,Apartment,No,536703.0
1971.961338,7.0,1993,Prayagraj,Gated Society,Semi-Furnished,Duplex,No,618145.0
1676.999099,3.0,1999,Jaipur,Corner Plot,Semi-Furnished,Apartment,Yes,450193.0
2514.603453,2.0,1988,Noida,Gated Society,Furnished,Apartment,Yes,639144.0
1554.701744,4.0,2023,Jaipur,Highway Facing,Furnished,Villa,Yes,612160.0
3123.27107,6.0,2009,Noida,Gated Society,Furnished,Apartment,Yes,828379.0
794.0251729,5.0,2012,Prayagraj,Residential Lane,Unfurnished,Villa,No,362270.0
2291.87035,7.0,1995,Lucknow,Gated Society,Furnished,Independent House,No,694050.0
2527.519994,7.0,1999,Gurugram,Highway Facing,Furnished,Duplex,Yes,798935.0
1646.780539,3.0,2020,Delhi,Gated Society,Unfurnished,Independent House,No,527653.0
3333.452541,3.0,1998,Delhi,Gated Society,Furnished,Apartment,No,841504.0
1714.647523,3.0,2001,Gurugram,Highway Facing,Semi-Furnished,Independent House,No,488412.0
2549.885517,3.0,2008,Kanpur,Highway Facing,Semi-Furnished,Duplex,Yes,629956.0
1006.026136,2.0,1997,Lucknow,Corner Plot,Semi-Furnished,Villa,No,373658.0
2635.066423,3.0,1996,Indore,Corner Plot,Unfurnished,Apartment,No,550117.0
2322.700174,5.0,2000,Jaipur,Main Road,Semi-Furnished,Duplex,No,665811.0
1676.801834,7.0,2020,Lucknow,Highway Facing,Semi-Furnished,Apartment,No,489954.0
1933.704327,3.0,1986,Noida,Residential Lane,Furnished,Apartment,No,465074.0
1303.12502,4.0,2005,Lucknow,Main Road,Furnished,Apartment,Yes,427607.0
1936.682786,5.0,2024,Jaipur,Highway Facing,Unfurnished,Apartment,No,503673.0
2417.689367,6.0,2020,Noida,Main Road,Unfurnished,Apartment,No,650928.0
2572.449928,7.0,2007,Kanpur,Main Road,Unfurnished,Apartment,Yes,657127.0
1294.224878,6.0,2003,Delhi,Gated Society,Furnished,Independent House,No,586043.0
2488.077466,4.0,2003,Kanpur,Residential Lane,Unfurnished,Independent House,No,591204.0
3221.15609,2.0,1989,Prayagraj,Highway Facing,Furnished,Duplex,No,711736.0
1915.327671,6.0,2002,Gurugram,Corner Plot,Furnished,Duplex,Yes,685190.0
2297.558544,4.0,2003,Lucknow,Main Road,Furnished,Villa,No,656963.0
1894.116439,7.0,2023,Noida,Highway Facing,Semi-Furnished,Independent House,No,626727.0
2748.697642,7.0,1992,Gurugram,Residential Lane,Furnished,Apartment,No,719403.0
1161.857453,4.0,1998,Jaipur,Corner Plot,Furnished,Apartment,No,347599.0
2162.532116,3.0,1999,Noida,Main Road,Furnished,Independent House,No,623407.0
2617.957509,3.0,1990,Prayagraj,Residential Lane,Furnished,Apartment,No,578760.0
2727.523112,6.0,2016,Kanpur,Residential Lane,Furnished,Apartment,Yes,711620.0
1364.850488,6.0,1986,Jaipur,Main Road,Furnished,Villa,Yes,577467.0
1711.959905,5.0,2009,Lucknow,Gated Society,Semi-Furnished,Independent House,No,565231.0
1981.982464,2.0,1986,Lucknow,Residential Lane,Furnished,Independent House,Yes,515115.0
6680.510005,4.0,2019,Lucknow,Gated Society,Semi-Furnished,Duplex,No,1366762.171
2574.74928,5.0,1997,Delhi,Main Road,Unfurnished,Independent House,No,688488.0
2089.738965,6.0,2010,Jaipur,Gated Society,Semi-Furnished,Independent House,No,601347.0
1840.355886,4.0,1991,Kanpur,Main Road,Furnished,Independent House,No,511156.0
2157.566043,5.0,1991,Prayagraj,Highway Facing,Furnished,Apartment,No,504223.0
1378.109531,7.0,2004,Lucknow,Main Road,Unfurnished,Independent House,Yes,516095.0
1871.854018,6.0,2023,Kanpur,Gated Society,Unfurnished,Independent House,No,604897.0
1626.603304,4.0,2002,Indore,Highway Facing,Semi-Furnished,Independent House,Yes,476333.0
1532.891282,6.0,2012,Prayagraj,Corner Plot,Semi-Furnished,Apartment,No,446372.0
1865.890242,6.0,2022,Lucknow,Residential Lane,Unfurnished,Independent House,No,527382.0
3721.376956,6.0,2023,Gurugram,Gated Society,Unfurnished,Apartment,No,924877.0
2794.030833,6.0,2023,Kanpur,Residential Lane,Furnished,Villa,No,825096.0
2136.626672,3.0,1994,Noida,Residential Lane,Semi-Furnished,Duplex,Yes,603264.0
1435.72046,7.0,2005,Kanpur,Main Road,Unfurnished,Independent House,Yes,515166.0
2515.410143,3.0,2022,Noida,Gated Society,Furnished,Independent House,No,745682.0
2256.366553,5.0,2015,Indore,Highway Facing,Furnished,Independent House,No,623455.0
1895.800601,4.0,2022,Gurugram,Main Road,Semi-Furnished,Apartment,No,571570.0
2503.537285,5.0,1992,Jaipur,Residential Lane,Furnished,Independent House,No,656681.0
2252.654709,7.0,2017,Delhi,Highway Facing,Furnished,Apartment,No,689598.0
2610.890064,5.0,1992,Prayagraj,Residential Lane,Furnished,Apartment,No,613935.0
3226.973312,3.0,2002,Lucknow,Gated Society,Semi-Furnished,Duplex,No,810033.0
1938.279565,6.0,2014,Gurugram,Highway Facing,Furnished,Independent House,Yes,685243.0
2187.337648,3.0,2019,Lucknow,Highway Facing,Semi-Furnished,Apartment,No,507919.0
2459.524286,4.0,1985,Gurugram,Corner Plot,Semi-Furnished,Apartment,No,582821.0
1672.671849,4.0,2023,Jaipur,Main Road,Unfurnished,Apartment,No,420936.0
2579.759977,5.0,2004,Lucknow,Corner Plot,Semi-Furnished,Independent House,No,664738.0
2658.970996,3.0,2003,Indore,Highway Facing,Furnished,Independent House,No,618721.0
1931.762045,2.0,2002,Prayagraj,Corner Plot,Semi-Furnished,Independent House,No,485855.0
2734.939703,4.0,1993,Delhi,Gated Society,Furnished,Apartment,No,732500.0
3269.526696,3.0,2023,Gurugram,Corner Plot,Furnished,Apartment,Yes,833496.0
2356.470482,5.0,1996,Kanpur,Corner Plot,Furnished,Villa,No,694331.0
2272.702558,2.0,2017,Noida,Main Road,Furnished,Apartment,No,591822.0
1953.581377,7.0,2013,Lucknow,Residential Lane,Semi-Furnished,Apartment,No,512760.0
2084.218765,3.0,1989,Jaipur,Gated Society,Unfurnished,Apartment,Yes,506362.0
1871.973726,5.0,2013,Delhi,Gated Society,Furnished,Apartment,No,619770.0
2215.443326,2.0,1997,Gurugram,Main Road,Furnished,Apartment,No,572456.0
1776.74069,2.0,2018,Jaipur,Highway Facing,Unfurnished,Independent House,No,465865.0
2047.350659,4.0,1996,Noida,Highway Facing,Semi-Furnished,Apartment,No,543166.0
1796.704199,6.0,2014,Delhi,Main Road,Furnished,Independent House,No,648950.0
1525.661174,4.0,2007,Indore,Residential Lane,Semi-Furnished,Independent House,No,459576.0
2549.130452,5.0,2017,Gurugram,Main Road,Furnished,Villa,No,818945.0
1454.179955,6.0,2012,Delhi,Residential Lane,Semi-Furnished,Independent House,Yes,589015.0
2222.771073,2.0,2002,Kanpur,Residential Lane,Semi-Furnished,Duplex,Yes,555390.0
1090.463661,7.0,1986,Kanpur,Residential Lane,Semi-Furnished,Independent House,No,321702.0
2071.568148,3.0,2001,Prayagraj,Residential Lane,Unfurnished,Apartment,No,465769.0
2225.060135,4.0,1998,Jaipur,Residential Lane,Unfurnished,Independent House,No,545932.0
1888.441225,2.0,1999,Delhi,Gated Society,Unfurnished,Duplex,No,558091.0
2037.864152,3.0,1990,Indore,Main Road,Semi-Furnished,Apartment,No,444955.0
2457.533814,5.0,2013,Prayagraj,Main Road,Furnished,Apartment,No,615193.0
2693.648964,7.0,2013,Kanpur,Corner Plot,Furnished,Duplex,Yes,814401.0
1760.003798,4.0,1986,Noida,Highway Facing,Semi-Furnished,Duplex,No,519337.0
2901.301162,2.0,1987,Noida,Main Road,Semi-Furnished,Apartment,No,654270.0
2235.119241,5.0,2020,Delhi,Highway Facing,Furnished,Duplex,Yes,749831.0
2469.543796,7.0,2006,Prayagraj,Main Road,Unfurnished,Apartment,No,603776.0
1112.610964,2.0,2023,Prayagraj,Highway Facing,Unfurnished,Apartment,No,287984.0
2597.554792,6.0,2005,Lucknow,Gated Society,Unfurnished,Independent House,No,689572.0
2494.143798,2.0,1986,Noida,Main Road,Furnished,Independent House,No,658649.0
2274.089107,5.0,2009,Gurugram,Corner Plot,Unfurnished,Independent House,Yes,674803.0
2359.236115,5.0,2015,Indore,Main Road,Furnished,Independent House,Yes,684447.0
1722.456471,5.0,1997,Jaipur,Main Road,Furnished,Apartment,No,487603.0
2521.575805,2.0,2024,Indore,Residential Lane,Semi-Furnished,Apartment,No,546820.0
1834.017736,6.0,2006,Noida,Residential Lane,Furnished,Duplex,No,629517.0
1653.064313,4.0,2010,Jaipur,Gated Society,Furnished,Independent House,No,548043.0
2555.073242,7.0,2013,Gurugram,Gated Society,Semi-Furnished,Independent House,No,789462.0
2549.197096,2.0,1988,Indore,Gated Society,Furnished,Villa,No,741103.0
2089.595795,2.0,2000,Gurugram,Residential Lane,Furnished,Apartment,No,504517.0
2769.434078,4.0,2020,Indore,Main Road,Semi-Furnished,Apartment,No,631711.0
2016.687813,6.0,2022,Kanpur,Main Road,Semi-Furnished,Duplex,No,620077.0
2286.765179,6.0,2010,Noida,Residential Lane,Semi-Furnished,Apartment,No,622814.0
1662.012361,7.0,2024,Noida,Gated Society,Semi-Furnished,Independent House,Yes,647236.0
2141.815287,7.0,2002,Delhi,Corner Plot,Semi-Furnished,Apartment,No,638596.0
2317.993935,7.0,2012,Jaipur,Highway Facing,Unfurnished,Villa,Yes,771495.0
1148.77571,5.0,1999,Prayagraj,Gated Society,Unfurnished,Independent House,No,382053.0
2090.833548,3.0,2022,Noida,Highway Facing,Semi-Furnished,Apartment,No,530276.0
1890.986845,3.0,1998,Gurugram,Main Road,Unfurnished,Independent House,No,540206.0
1849.922051,7.0,2012,Delhi,Gated Society,Semi-Furnished,Duplex,No,701811.0
2154.544443,5.0,2016,Prayagraj,Gated Society,Furnished,Independent House,Yes,708014.0
2305.004088,6.0,2005,Delhi,Highway Facing,Furnished,Apartment,Yes,709247.0
1185.245596,6.0,2001,Kanpur,Corner Plot,Semi-Furnished,Apartment,No,371885.0
2077.839521,6.0,2008,Indore,Highway Facing,Semi-Furnished,Apartment,Yes,561467.0
2266.575822,6.0,2018,Noida,Highway Facing,Unfurnished,Duplex,No,680122.0
1107.922026,5.0,2008,Kanpur,Gated Society,Semi-Furnished,Apartment,No,362466.0
2283.348765,3.0,2021,Jaipur,Corner Plot,Unfurnished,Apartment,No,493058.0
2226.806535,7.0,2012,Lucknow,Residential Lane,Unfurnished,Apartment,Yes,548593.0
1642.647596,6.0,1991,Noida,Highway Facing,Semi-Furnished,Villa,Yes,598037.0
1574.067925,3.0,2009,Lucknow,Main Road,Semi-Furnished,Apartment,No,416493.0
2803.100915,5.0,2005,Kanpur,Main Road,Unfurnished,Independent House,No,632116.0
1441.119674,3.0,1995,Lucknow,Highway Facing,Furnished,Duplex,No,447982.0
2293.955444,3.0,2013,Noida,Corner Plot,Semi-Furnished,Apartment,No,583046.0
2763.076966,5.0,2024,Indore,Highway Facing,Furnished,Apartment,No,678692.0
1584.004713,2.0,1992,Noida,Main Road,Furnished,Apartment,No,431796.0
2132.160765,5.0,2009,Kanpur,Residential Lane,Furnished,Villa,No,656952.0
1800.178073,2.0,2022,Prayagraj,Highway Facing,Furnished,Apartment,No,389902.0
2797.906299,2.0,2000,Delhi,Corner Plot,Furnished,Independent House,No,745298.0
1891.93205,7.0,1997,Delhi,Residential Lane,Semi-Furnished,Apartment,No,567850.0
2629.044397,2.0,2009,Kanpur,Corner Plot,Semi-Furnished,Apartment,No,563730.0
1811.202371,7.0,1988,Lucknow,Highway Facing,Semi-Furnished,Independent House,No,539603.0
2028.758662,7.0,2013,Delhi,Residential Lane,Semi-Furnished,Apartment,No,641477.0
1894.505364,3.0,2010,Delhi,Residential Lane,Unfurnished,Independent House,No,544405.0
2168.150738,2.0,1986,Prayagraj,Residential Lane,Semi-Furnished,Apartment,No,408435.0
2207.689999,5.0,1996,Jaipur,Highway Facing,Semi-Furnished,Independent House,No,559067.0
2531.899164,3.0,1989,Gurugram,Main Road,Semi-Furnished,Duplex,Yes,716318.0
2234.462651,7.0,2023,Noida,Main Road,Semi-Furnished,Independent House,No,741838.0
2102.858035,7.0,2011,Jaipur,Corner Plot,Unfurnished,Independent House,No,579881.0
2078.100812,5.0,2000,Gurugram,Gated Society,Furnished,Independent House,Yes,714204.0
1861.903199,2.0,1999,Noida,Corner Plot,Unfurnished,Independent House,Yes,508792.0
1840.56884,5.0,2019,Indore,Main Road,Furnished,Duplex,No,613071.0
1775.171755,3.0,2006,Noida,Main Road,Semi-Furnished,Villa,No,617943.0
3158.306847,2.0,2013,Kanpur,Highway Facing,Semi-Furnished,Apartment,No,689676.0
1591.210277,4.0,2018,Noida,Main Road,Furnished,Independent House,Yes,628948.0
1848.150189,6.0,1987,Lucknow,Residential Lane,Unfurnished,Independent House,Yes,520115.0
3242.820622,6.0,2011,Gurugram,Main Road,Unfurnished,Independent House,Yes,879873.0
2465.828655,4.0,2018,Delhi,Corner Plot,Furnished,Independent House,No,760151.0
3486.520923,4.0,1990,Indore,Residential Lane,Semi-Furnished,Villa,Yes,864560.0
2085.963675,3.0,2001,Jaipur,Main Road,Unfurnished,Villa,No,607344.0
2249.67418,5.0,2020,Prayagraj,Highway Facing,Semi-Furnished,Apartment,No,543179.0
2486.276036,4.0,2015,Kanpur,Gated Society,Semi-Furnished,Apartment,No,613200.0
2013.61878,6.0,2021,Kanpur,Highway Facing,Unfurnished,Apartment,No,508271.0
2131.642823,7.0,2013,Noida,Highway Facing,Semi-Furnished,Duplex,Yes,714091.0
1136.499627,7.0,1991,Delhi,Main Road,Semi-Furnished,Apartment,No,465512.0
1138.030883,6.0,2021,Lucknow,Highway Facing,Unfurnished,Independent House,No,400108.0
1923.03671,6.0,2020,Prayagraj,Main Road,Furnished,Apartment,No,544436.0
1568.131725,5.0,1990,Prayagraj,Gated Society,Furnished,Independent House,No,497873.0
1129.018536,5.0,2001,Indore,Corner Plot,Semi-Furnished,Duplex,Yes,481231.0
3367.114325,3.0,1999,Noida,Residential Lane,Semi-Furnished,Apartment,No,734398.0
1661.735442,6.0,2011,Kanpur,Highway Facing,Semi-Furnished,Duplex,No,540625.0
1734.461134,7.0,1996,Prayagraj,Highway Facing,Semi-Furnished,Independent House,No,524265.0
1259.960045,4.0,2018,Gurugram,Corner Plot,Semi-Furnished,Duplex,Yes,556128.0
2618.012618,3.0,2021,Kanpur,Residential Lane,Semi-Furnished,Apartment,Yes,602547.0
2216.911171,4.0,2008,Prayagraj,Highway Facing,Semi-Furnished,Villa,Yes,620314.0
2444.05661,4.0,1996,Jaipur,Highway Facing,Unfurnished,Independent House,No,572811.0
2197.034675,6.0,2012,Jaipur,Main Road,Unfurnished,Apartment,No,544181.0
1979.496644,3.0,2024,Gurugram,Residential Lane,Furnished,Apartment,No,573593.0
2855.09722,3.0,1985,Delhi,Corner Plot,Furnished,Apartment,Yes,717183.0
1465.275678,3.0,1986,Kanpur,Main Road,Furnished,Duplex,No,451184.0
2812.248061,3.0,2023,Prayagraj,Highway Facing,Furnished,Villa,No,742729.0
1998.40895,3.0,2014,Noida,Residential Lane,Semi-Furnished,Apartment,No,531907.0
1867.16407,7.0,2023,Gurugram,Main Road,Semi-Furnished,Duplex,Yes,730677.0
1843.11985,4.0,2020,Prayagraj,Corner Plot,Semi-Furnished,Apartment,Yes,511734.0
1963.259269,2.0,1990,Kanpur,Gated Society,Semi-Furnished,Duplex,Yes,539480.0
2369.700246,6.0,2001,Kanpur,Gated Society,Semi-Furnished,Duplex,No,679735.0
2108.854314,4.0,1994,Lucknow,Gated Society,Semi-Furnished,Duplex,No,593038.0
2461.57364,2.0,2007,Jaipur,Corner Plot,Semi-Furnished,Villa,Yes,667439.0
1646.963992,4.0,1990,Noida,Main Road,Semi-Furnished,Independent House,Yes,521881.0
3521.660005,3.0,2020,Lucknow,Corner Plot,Semi-Furnished,Apartment,Yes,808756.0
1263.953773,3.0,2021,Noida,Residential Lane,Furnished,Apartment,No,400808.0
2541.081829,5.0,2004,Delhi,Residential Lane,Unfurnished,Duplex,No,643518.0
2901.23756,7.0,2004,Delhi,Gated Society,Semi-Furnished,Apartment,No,812382.0
2174.556331,4.0,2001,Prayagraj,Highway Facing,Semi-Furnished,Apartment,No,491874.0
3004.36714,2.0,1993,Prayagraj,Gated Society,Furnished,Villa,No,775219.0
2138.680067,6.0,1985,Kanpur,Residential Lane,Unfurnished,Independent House,Yes,577915.0
3614.597425,4.0,1994,Kanpur,Residential Lane,Unfurnished,Apartment,No,668738.0
2562.834873,6.0,1992,Prayagraj,Gated Society,Furnished,Duplex,No,693793.0
1494.981728,7.0,1995,Lucknow,Corner Plot,Unfurnished,Apartment,Yes,419352.0
1468.112178,6.0,1990,Noida,Main Road,Semi-Furnished,Independent House,Yes,504057.0
2211.234035,7.0,2009,Indore,Residential Lane,Furnished,Duplex,No,643945.0
1887.450518,5.0,2007,Delhi,Residential Lane,Furnished,Apartment,No,586634.0
1928.710896,6.0,2016,Indore,Highway Facing,Semi-Furnished,Apartment,No,488661.0
2522.738558,5.0,2021,Delhi,Residential Lane,Furnished,Independent House,No,746353.0
1886.327263,4.0,1986,Delhi,Highway Facing,Semi-Furnished,Villa,No,610715.0
2141.816668,3.0,2024,Indore,Residential Lane,Semi-Furnished,Apartment,Yes,567484.0
1477.206082,7.0,2001,Kanpur,Highway Facing,Semi-Furnished,Duplex,No,507577.0
2364.418532,4.0,2005,Lucknow,Corner Plot,Semi-Furnished,Independent House,No,609185.0
1389.310846,3.0,2022,Jaipur,Corner Plot,Furnished,Apartment,No,400557.0
1860.382064,5.0,1986,Kanpur,Gated Society,Unfurnished,Duplex,No,513929.0
2020.329714,2.0,2001,Kanpur,Gated Society,Semi-Furnished,Duplex,No,538305.0
1832.866736,4.0,1992,Prayagraj,Corner Plot,Unfurnished,Independent House,Yes,494298.0
1291.346763,7.0,2017,Lucknow,Residential Lane,Furnished,Apartment,No,429848.0
1973.936285,7.0,1999,Lucknow,Residential Lane,Semi-Furnished,Apartment,No,533298.0
8858.260499,4.0,2013,Delhi,Corner Plot,Unfurnished,Apartment,No,1273974.917
2290.972013,2.0,1993,Jaipur,Gated Society,Semi-Furnished,Independent House,No,548699.0
2075.091696,7.0,2020,Delhi,Residential Lane,Unfurnished,Apartment,No,609965.0
1968.852267,4.0,1995,Jaipur,Highway Facing,Semi-Furnished,Apartment,No,471386.0
1789.73183,4.0,1993,Jaipur,Residential Lane,Furnished,Independent House,No,487444.0
1989.23184,5.0,2011,Lucknow,Main Road,Semi-Furnished,Villa,No,653213.0
2111.76934,4.0,1988,Lucknow,Highway Facing,Semi-Furnished,Apartment,No,525335.0
3129.053914,5.0,1995,Noida,Corner Plot,Furnished,Duplex,No,861288.0
2530.433244,4.0,1993,Kanpur,Main Road,Semi-Furnished,Villa,Yes,689816.0
2747.175157,3.0,1998,Noida,Residential Lane,Semi-Furnished,Apartment,No,619009.0
1923.669121,6.0,2008,Jaipur,Highway Facing,Semi-Furnished,Apartment,No,484622.0
2222.676088,5.0,2007,Jaipur,Gated Society,Semi-Furnished,Apartment,No,599370.0
3245.147633,2.0,2010,Jaipur,Corner Plot,Semi-Furnished,Independent House,No,757542.0
2852.380011,3.0,2011,Lucknow,Corner Plot,Semi-Furnished,Apartment,Yes,695554.0
1592.591085,6.0,2002,Jaipur,Main Road,Unfurnished,Apartment,No,416426.0
1874.649036,3.0,1994,Prayagraj,Corner Plot,Semi-Furnished,Duplex,No,465479.0
1500.976553,5.0,2021,Lucknow,Main Road,Furnished,Independent House,No,517761.0
2348.532242,5.0,2006,Noida,Residential Lane,Semi-Furnished,Apartment,No,589247.0
1684.954672,4.0,2002,Noida,Residential Lane,Unfurnished,Apartment,No,406783.0
2569.268554,6.0,2015,Indore,Main Road,Semi-Furnished,Villa,No,787687.0
2036.971506,2.0,2016,Delhi,Corner Plot,Unfurnished,Duplex,No,568739.0
2632.523417,4.0,1999,Delhi,Gated Society,Semi-Furnished,Apartment,No,689382.0
2199.264653,4.0,1993,Prayagraj,Highway Facing,Semi-Furnished,Apartment,No,503304.0
2141.408992,5.0,2003,Noida,Highway Facing,Furnished,Duplex,No,630502.0
1874.297721,5.0,2013,Lucknow,Gated Society,Unfurnished,Villa,Yes,692626.0
1248.355498,2.0,1990,Gurugram,Highway Facing,Semi-Furnished,Independent House,No,420714.0
2448.098517,5.0,2021,Indore,Residential Lane,Semi-Furnished,Independent House,No,631656.0
2065.371078,6.0,2015,Jaipur,Corner Plot,Unfurnished,Independent House,No,589617.0
1905.443606,7.0,2022,Gurugram,Highway Facing,Furnished,Apartment,No,611146.0
2214.614756,7.0,1997,Prayagraj,Residential Lane,Unfurnished,Duplex,Yes,610625.0
2142.267761,2.0,2013,Noida,Main Road,Unfurnished,Apartment,No,525838.0
2439.43141,7.0,2009,Indore,Corner Plot,Semi-Furnished,Apartment,No,608409.0
2270.74578,3.0,1985,Prayagraj,Main Road,Unfurnished,Apartment,No,450512.0
2043.233033,7.0,2001,Jaipur,Residential Lane,Semi-Furnished,Apartment,Yes,581738.0
1778.1129,7.0,1990,Indore,Gated Society,Furnished,Apartment,Yes,556191.0
1884.254583,2.0,1985,Kanpur,Main Road,Furnished,Apartment,No,419106.0
1514.841652,7.0,1992,Indore,Main Road,Furnished,Duplex,No,546877.0
1803.202861,2.0,2016,Gurugram,Main Road,Semi-Furnished,Apartment,No,499389.0
1413.23624,6.0,2001,Lucknow,Corner Plot,Furnished,Independent House,No,504999.0
831.2829126,6.0,1999,Gurugram,Corner Plot,Furnished,Duplex,No,447061.0
2258.964379,2.0,2008,Kanpur,Corner Plot,Semi-Furnished,Independent House,No,533074.0
1985.149908,4.0,2006,Noida,Highway Facing,Furnished,Independent House,Yes,636029.0
2573.308431,5.0,2001,Kanpur,Highway Facing,Semi-Furnished,Independent House,No,635520.0
2363.604129,6.0,2019,Indore,Gated Society,Furnished,Villa,No,782560.0
2362.377916,5.0,1985,Gurugram,Gated Society,Furnished,Independent House,No,699940.0
2269.953916,4.0,2000,Noida,Residential Lane,Semi-Furnished,Apartment,No,553365.0
1679.775181,4.0,2014,Gurugram,Main Road,Semi-Furnished,Independent House,No,563639.0
2504.462549,3.0,1995,Kanpur,Highway Facing,Furnished,Apartment,No,560917.0
2140.037119,7.0,1998,Gurugram,Highway Facing,Furnished,Apartment,No,634025.0
1584.123173,2.0,2015,Kanpur,Gated Society,Semi-Furnished,Independent House,Yes,511388.0
1049.478968,2.0,2001,Lucknow,Gated Society,Furnished,Villa,Yes,485336.0
3809.998551,5.0,1987,Lucknow,Residential Lane,Semi-Furnished,Apartment,Yes,809701.0
2492.31531,5.0,1988,Lucknow,Highway Facing,Furnished,Duplex,No,642327.0
1663.44941,6.0,2015,Delhi,Highway Facing,Semi-Furnished,Duplex,No,630978.0
2258.883158,2.0,1998,Delhi,Highway Facing,Unfurnished,Villa,No,657681.0
1386.672582,6.0,2003,Kanpur,Main Road,Unfurnished,Apartment,No,411902.0
1430.506864,2.0,1996,Kanpur,Main Road,Furnished,Apartment,No,330526.0
3132.513796,5.0,1994,Delhi,Gated Society,Semi-Furnished,Apartment,Yes,848126.0
2098.946699,6.0,2016,Noida,Main Road,Unfurnished,Duplex,Yes,668447.0
2436.012406,7.0,2002,Prayagraj,Main Road,Unfurnished,Apartment,Yes,631611.0
2478.22405,3.0,1989,Prayagraj,Residential Lane,Furnished,Independent House,Yes,645516.0
2480.856945,2.0,2017,Indore,Gated Society,Semi-Furnished,Duplex,Yes,680453.0
2378.643204,3.0,1998,Noida,Main Road,Furnished,Villa,No,726365.0
1299.495593,6.0,2003,Kanpur,Highway Facing,Semi-Furnished,Independent House,No,416729.0
2411.00703,2.0,2009,Gurugram,Corner Plot,Unfurnished,Apartment,No,569403.0
2586.685831,4.0,2007,Noida,Corner Plot,Unfurnished,Independent House,No,652905.0
2656.468768,4.0,1988,Noida,Highway Facing,Semi-Furnished,Apartment,No,597546.0
1559.360331,3.0,2000,Kanpur,Corner Plot,Semi-Furnished,Independent House,Yes,457205.0
2331.92176,4.0,2005,Delhi,Main Road,Semi-Furnished,Independent House,No,692499.0
1479.160001,6.0,2017,Kanpur,Main Road,Unfurnished,Independent House,Yes,493112.0
2716.297989,3.0,2015,Noida,Gated Society,Semi-Furnished,Apartment,No,661917.0
1375.897058,7.0,2009,Kanpur,Highway Facing,Furnished,Independent House,No,511841.0
1852.873912,4.0,2019,Kanpur,Residential Lane,Semi-Furnished,Apartment,No,457032.0
1690.895957,4.0,2020,Indore,Residential Lane,Unfurnished,Villa,Yes,560322.0
2719.790297,6.0,2000,Jaipur,Gated Society,Furnished,Independent House,Yes,795024.0
1415.245383,2.0,1986,Noida,Gated Society,Unfurnished,Independent House,No,417392.0
2480.447144,5.0,1988,Jaipur,Gated Society,Furnished,Villa,Yes,793977.0
2608.945815,6.0,2001,Kanpur,Main Road,Furnished,Independent House,No,707866.0
2036.720081,6.0,1997,Jaipur,Highway Facing,Unfurnished,Independent House,Yes,601560.0
2221.480966,6.0,1997,Indore,Highway Facing,Furnished,Independent House,No,632098.0
3102.567509,7.0,2023,Gurugram,Main Road,Semi-Furnished,Independent House,No,888507.0
3083.534904,4.0,1987,Jaipur,Main Road,Semi-Furnished,Apartment,No,682270.0
1870.608995,7.0,1988,Jaipur,Main Road,Furnished,Apartment,No,555865.0
2029.284955,6.0,2007,Noida,Residential Lane,Semi-Furnished,Duplex,Yes,635211.0
2609.948398,7.0,2013,Kanpur,Highway Facing,Semi-Furnished,Independent House,No,695674.0
1924.403734,4.0,1992,Noida,Gated Society,Unfurnished,Apartment,No,510822.0
1876.679032,5.0,2021,Jaipur,Highway Facing,Semi-Furnished,Independent House,Yes,596353.0
2493.814324,3.0,1985,Lucknow,Main Road,Unfurnished,Duplex,Yes,608805.0
3689.653872,7.0,2006,Noida,Residential Lane,Furnished,Independent House,No,963079.0
2088.250595,5.0,1991,Indore,Highway Facing,Furnished,Independent House,No,554383.0
3227.731771,2.0,2013,Noida,Highway Facing,Furnished,Apartment,No,745818.0
2215.654897,6.0,1994,Indore,Corner Plot,Unfurnished,Apartment,No,518809.0
2190.887375,4.0,2006,Prayagraj,Main Road,Semi-Furnished,Apartment,No,527060.0
2264.557,4.0,2019,Kanpur,Main Road,Furnished,Apartment,Yes,620494.0
2598.525478,5.0,2011,Delhi,Main Road,Semi-Furnished,Independent House,Yes,801207.0
1020.531873,4.0,1986,Prayagraj,Highway Facing,Semi-Furnished,Apartment,No,249726.0
1476.949432,3.0,2019,Gurugram,Highway Facing,Furnished,Independent House,No,489544.0
1461.281103,7.0,1985,Kanpur,Main Road,Semi-Furnished,Apartment,Yes,440910.0
2632.569588,4.0,1986,Prayagraj,Highway Facing,Unfurnished,Apartment,No,510047.0
1497.183426,5.0,2024,Prayagraj,Residential Lane,Semi-Furnished,Apartment,No,421508.0
2044.298082,5.0,1993,Indore,Highway Facing,Semi-Furnished,Apartment,Yes,500074.0
1922.88841,4.0,2002,Indore,Main Road,Semi-Furnished,Villa,No,606012.0
1945.314831,5.0,2023,Delhi,Corner Plot,Furnished,Duplex,No,640439.0
1415.690036,6.0,1985,Indore,Main Road,Unfurnished,Apartment,No,378914.0
2518.926761,4.0,1987,Jaipur,Main Road,Semi-Furnished,Villa,No,711065.0
1471.048489,6.0,2022,Lucknow,Corner Plot,Furnished,Apartment,No,431858.0
1753.693628,6.0,2024,Kanpur,Corner Plot,Unfurnished,Independent House,Yes,557210.0
1525.981336,4.0,1997,Kanpur,Residential Lane,Semi-Furnished,Apartment,No,347356.0
2545.010161,3.0,2020,Noida,Highway Facing,Unfurnished,Duplex,Yes,725112.0
2638.25812,5.0,2013,Jaipur,Corner Plot,Unfurnished,Apartment,No,599145.0
2645.817856,7.0,1989,Gurugram,Highway Facing,Furnished,Apartment,Yes,763060.0
2568.292448,4.0,1992,Delhi,Gated Society,Furnished,Apartment,No,715063.0
2009.275633,4.0,1988,Noida,Corner Plot,Semi-Furnished,Apartment,No,496325.0
2085.357141,5.0,2004,Indore,Highway Facing,Furnished,Independent House,No,570302.0
2019.869049,5.0,1992,Jaipur,Residential Lane,Semi-Furnished,Apartment,No,502364.0
1768.191844,3.0,2013,Gurugram,Residential Lane,Unfurnished,Apartment,No,433859.0
2965.621313,5.0,2002,Delhi,Gated Society,Unfurnished,Duplex,No,828612.0
1797.813238,7.0,1994,Jaipur,Main Road,Semi-Furnished,Duplex,No,592005.0
2625.645988,4.0,1985,Gurugram,Main Road,Furnished,Independent House,No,724737.0
2337.858368,5.0,1985,Indore,Corner Plot,Semi-Furnished,Apartment,No,546994.0
1104.462004,6.0,2021,Noida,Highway Facing,Furnished,Villa,Yes,578103.0
1834.028192,4.0,2018,Noida,Gated Society,Furnished,Apartment,No,558889.0
3124.508034,3.0,1999,Delhi,Highway Facing,Furnished,Apartment,No,767255.0
2372.947952,4.0,2017,Kanpur,Residential Lane,Furnished,Apartment,No,555734.0
1485.051526,6.0,1990,Indore,Gated Society,Unfurnished,Apartment,Yes,435255.0
1930.585093,5.0,2010,Kanpur,Main Road,Furnished,Villa,No,647168.0
1787.83693,4.0,2010,Lucknow,Highway Facing,Semi-Furnished,Independent House,No,497243.0
1613.5963,5.0,2006,Lucknow,Gated Society,Unfurnished,Independent House,Yes,576355.0
1841.505942,3.0,1994,Delhi,Gated Society,Furnished,Apartment,No,550517.0
2071.796693,2.0,1988,Indore,Highway Facing,Furnished,Independent House,Yes,551990.0
1420.684975,4.0,2003,Jaipur,Main Road,Semi-Furnished,Apartment,Yes,401893.0
2604.906282,2.0,1990,Delhi,Highway Facing,Furnished,Apartment,No,614288.0
1978.897461,4.0,2003,Noida,Corner Plot,Furnished,Apartment,Yes,595384.0
2218.70509,3.0,2015,Delhi,Residential Lane,Furnished,Apartment,No,622610.0
1371.411108,6.0,2013,Indore,Highway Facing,Semi-Furnished,Apartment,No,394977.0
2975.048116,2.0,1985,Noida,Residential Lane,Unfurnished,Duplex,Yes,696735.0
2973.980975,6.0,2016,Gurugram,Gated Society,Furnished,Apartment,No,821611.0
1502.219413,3.0,2024,Jaipur,Main Road,Furnished,Apartment,Yes,515158.0
700.0,5.0,2015,Jaipur,Residential Lane,Semi-Furnished,Apartment,No,270983.0
2371.150508,3.0,2008,Indore,Highway Facing,Furnished,Independent House,No,588530.0
2091.447816,3.0,1997,Prayagraj,Residential Lane,Semi-Furnished,Villa,No,582270.0
2225.54185,5.0,1996,Prayagraj,Residential Lane,Furnished,Apartment,No,508711.0
3257.004514,7.0,1989,Lucknow,Highway Facing,Furnished,Apartment,Yes,749900.0
700.0,3.0,2010,Noida,Highway Facing,Semi-Furnished,Apartment,Yes,335518.0
2415.16513,5.0,2011,Delhi,Main Road,Semi-Furnished,Apartment,Yes,720602.0
2123.110595,5.0,2005,Jaipur,Gated Society,Unfurnished,Apartment,No,541348.0
2093.682675,4.0,2001,Delhi,Residential Lane,Unfurnished,Independent House,No,611751.0
2126.84826,6.0,2017,Jaipur,Corner Plot,Unfurnished,Apartment,No,520857.0
2486.209228,5.0,1993,Delhi,Corner Plot,Unfurnished,Apartment,No,626427.0
2159.528696,4.0,2009,Indore,Main Road,Semi-Furnished,Apartment,No,545906.0
3001.856563,5.0,2022,Delhi,Highway Facing,Furnished,Apartment,No,822372.0
3008.381342,4.0,2014,Gurugram,Highway Facing,Semi-Furnished,Apartment,No,721908.0
1496.154943,4.0,2007,Kanpur,Corner Plot,Semi-Furnished,Independent House,No,415259.0
2056.110556,7.0,1991,Indore,Highway Facing,Semi-Furnished,Apartment,No,490359.0
2267.606201,4.0,2013,Jaipur,Gated Society,Semi-Furnished,Duplex,No,640963.0
2799.245121,6.0,1990,Prayagraj,Residential Lane,Semi-Furnished,Apartment,Yes,690441.0
2400.966833,4.0,2007,Noida,Corner Plot,Unfurnished,Apartment,No,578269.0
2481.933632,6.0,2004,Indore,Residential Lane,Furnished,Apartment,No,602814.0
1811.629263,6.0,1997,Delhi,Gated Society,Furnished,Independent House,No,653566.0
1981.586568,4.0,2004,Kanpur,Highway Facing,Furnished,Independent House,No,538539.0
2390.683696,6.0,1993,Jaipur,Main Road,Furnished,Villa,No,726191.0
2559.976622,6.0,2015,Kanpur,Highway Facing,Unfurnished,Apartment,No,580428.0
2700.004828,4.0,1990,Lucknow,Residential Lane,Furnished,Apartment,Yes,610911.0
2343.45408,7.0,2010,Noida,Gated Society,Furnished,Apartment,No,715475.0
1651.080221,5.0,1997,Prayagraj,Gated Society,Furnished,Duplex,Yes,572534.0
1977.198896,3.0,1988,Delhi,Main Road,Furnished,Apartment,No,565708.0
1588.521935,3.0,2013,Kanpur,Gated Society,Furnished,Apartment,No,430739.0
2855.099876,4.0,1996,Prayagraj,Gated Society,Semi-Furnished,Independent House,No,687675.0
2174.666228,5.0,2005,Indore,Main Road,Unfurnished,Apartment,No,511356.0
2988.870318,2.0,2012,Lucknow,Gated Society,Semi-Furnished,Duplex,Yes,780922.0
3159.521129,7.0,2008,Jaipur,Corner Plot,Semi-Furnished,Villa,No,896391.0
1440.026367,5.0,1999,Gurugram,Main Road,Semi-Furnished,Apartment,No,434716.0
1941.509585,5.0,2011,Delhi,Gated Society,Semi-Furnished,Duplex,No,683380.0
2766.860101,4.0,1991,Lucknow,Gated Society,Furnished,Apartment,Yes,709113.0
2159.046226,7.0,1988,Kanpur,Highway Facing,Unfurnished,Apartment,Yes,548660.0
2853.248482,2.0,2004,Noida,Highway Facing,Furnished,Apartment,Yes,677213.0
2404.090796,2.0,1989,Gurugram,Highway Facing,Furnished,Independent House,No,619572.0
3117.226313,6.0,1995,Delhi,Main Road,Semi-Furnished,Independent House,No,866679.0
3107.81513,7.0,1994,Delhi,Highway Facing,Furnished,Independent House,No,860681.0
2081.558223,6.0,1985,Gurugram,Corner Plot,Unfurnished,Independent House,No,609554.0
1777.174964,5.0,2012,Gurugram,Residential Lane,Furnished,Independent House,No,596702.0
2576.447763,4.0,2006,Kanpur,Gated Society,Furnished,Villa,No,746579.0
2089.88931,4.0,2010,Prayagraj,Gated Society,Semi-Furnished,Independent House,No,597366.0
2118.258418,5.0,2010,Prayagraj,Residential Lane,Semi-Furnished,Apartment,Yes,517768.0
2196.000073,3.0,1987,Indore,Residential Lane,Semi-Furnished,Apartment,Yes,475803.0
2206.565229,2.0,2010,Lucknow,Corner Plot,Semi-Furnished,Independent House,No,541646.0
2887.195502,7.0,2017,Prayagraj,Gated Society,Semi-Furnished,Independent House,No,753011.0
2283.274065,3.0,2018,Prayagraj,Highway Facing,Unfurnished,Villa,No,604921.0
3263.347861,6.0,2009,Indore,Gated Society,Semi-Furnished,Independent House,No,837624.0
3029.435005,3.0,1995,Indore,Residential Lane,Furnished,Independent House,Yes,752510.0
2302.844615,5.0,1986,Indore,Gated Society,Semi-Furnished,Independent House,Yes,644115.0
1319.594564,3.0,1996,Lucknow,Corner Plot,Furnished,Apartment,No,326582.0
2326.883525,6.0,2001,Gurugram,Residential Lane,Furnished,Apartment,Yes,663138.0
7808.573894,7.0,2005,Jaipur,Main Road,Furnished,Independent House,No,1353997.69
1778.102652,7.0,2024,Jaipur,Residential Lane,Unfurnished,Apartment,No,488949.0
2073.275649,6.0,2019,Gurugram,Residential Lane,Unfurnished,Apartment,Yes,586039.0
2437.793993,5.0,2004,Noida,Corner Plot,Semi-Furnished,Apartment,No,611494.0
3073.953167,7.0,2023,Kanpur,Corner Plot,Semi-Furnished,Villa,No,863975.0
1963.700762,4.0,1998,Delhi,Main Road,Semi-Furnished,Independent House,No,584246.0
2754.321294,4.0,2023,Kanpur,Residential Lane,Semi-Furnished,Apartment,Yes,621367.0
2870.264463,6.0,1996,Kanpur,Residential Lane,Unfurnished,Apartment,No,616245.0
3666.797872,7.0,1997,Kanpur,Gated Society,Unfurnished,Apartment,No,823572.0
2326.530586,3.0,2016,Prayagraj,Main Road,Semi-Furnished,Apartment,Yes,572398.0
2097.131504,7.0,1992,Gurugram,Corner Plot,Furnished,Independent House,Yes,742468.0
2549.255531,7.0,1995,Jaipur,Highway Facing,Semi-Furnished,Independent House,No,668968.0
2959.108909,5.0,1989,Noida,Highway Facing,Furnished,Villa,No,853016.0
1054.870849,7.0,1990,Jaipur,Corner Plot,Furnished,Apartment,No,393976.0
2046.355699,2.0,1992,Jaipur,Gated Society,Unfurnished,Apartment,No,453081.0
2228.799593,5.0,1998,Indore,Corner Plot,Semi-Furnished,Duplex,No,604770.0
10267.12433,7.0,1990,Indore,Main Road,Semi-Furnished,Villa,Yes,2071401.84
3326.789542,2.0,2015,Delhi,Main Road,Furnished,Independent House,No,836563.0
1563.682232,7.0,1996,Jaipur,Residential Lane,Furnished,Apartment,No,472668.0
2402.338002,6.0,1992,Noida,Corner Plot,Semi-Furnished,Apartment,No,611361.0
2621.513662,7.0,1989,Lucknow,Residential Lane,Semi-Furnished,Apartment,No,610022.0
1150.019007,5.0,2018,Prayagraj,Residential Lane,Furnished,Villa,No,496056.0
2482.46533,4.0,2009,Delhi,Gated Society,Semi-Furnished,Apartment,No,665865.0
2999.102504,5.0,2013,Kanpur,Gated Society,Semi-Furnished,Independent House,No,723703.0
2863.200131,5.0,1993,Indore,Residential Lane,Semi-Furnished,Apartment,No,608714.0
1686.215186,5.0,2016,Delhi,Highway Facing,Furnished,Apartment,No,587575.0
2030.071992,5.0,2005,Indore,Gated Society,Semi-Furnished,Apartment,No,499530.0
2657.4808,7.0,2001,Delhi,Corner Plot,Furnished,Apartment,No,763812.0
3321.080942,2.0,1997,Kanpur,Highway Facing,Semi-Furnished,Independent House,Yes,734995.0
2760.347702,4.0,2012,Lucknow,Highway Facing,Semi-Furnished,Apartment,No,609974.0
1661.384873,6.0,1991,Noida,Residential Lane,Semi-Furnished,Villa,No,592390.0
3164.257141,7.0,2001,Lucknow,Residential Lane,Unfurnished,Apartment,No,700394.0
1189.60125,5.0,1993,Noida,Gated Society,Semi-Furnished,Duplex,Yes,488419.0
2935.009992,4.0,1998,Jaipur,Main Road,Semi-Furnished,Duplex,No,733763.0
1895.830351,5.0,1993,Delhi,Highway Facing,Semi-Furnished,Apartment,No,555886.0
1080.92508,2.0,1989,Kanpur,Gated Society,Unfurnished,Apartment,No,248640.0
1989.285355,6.0,1994,Jaipur,Gated Society,Unfurnished,Apartment,No,515876.0
2852.553571,5.0,2015,Noida,Residential Lane,Unfurnished,Villa,No,760414.0
1079.901695,4.0,1992,Jaipur,Residential Lane,Semi-Furnished,Apartment,No,318597.0
2373.933572,4.0,2010,Lucknow,Main Road,Furnished,Independent House,No,658515.0
1240.980069,7.0,2012,Noida,Residential Lane,Unfurnished,Apartment,No,418999.0
2230.303071,3.0,1989,Prayagraj,Highway Facing,Semi-Furnished,Independent House,Yes,562880.0
1869.174017,3.0,2004,Prayagraj,Corner Plot,Furnished,Duplex,No,530841.0
1730.397302,3.0,1999,Indore,Gated Society,Furnished,Apartment,No,452494.0
1685.812319,2.0,2018,Indore,Highway Facing,Furnished,Apartment,No,425631.0
3588.594626,3.0,2012,Kanpur,Highway Facing,Unfurnished,Independent House,No,746609.0
2210.701852,3.0,2015,Lucknow,Highway Facing,Semi-Furnished,Apartment,No,496171.0
2440.295906,4.0,1996,Noida,Main Road,Unfurnished,Apartment,Yes,619353.0
2889.452592,7.0,2008,Kanpur,Gated Society,Semi-Furnished,Independent House,No,803015.0
1349.530831,5.0,2003,Gurugram,Corner Plot,Furnished,Apartment,No,452776.0
1602.006624,6.0,2006,Kanpur,Corner Plot,Semi-Furnished,Duplex,No,532257.0
700.0,6.0,1998,Indore,Corner Plot,Semi-Furnished,Apartment,No,264649.0
2765.735671,4.0,2010,Gurugram,Highway Facing,Unfurnished,Apartment,Yes,680443.0
2450.937219,4.0,1994,Indore,Main Road,Furnished,Apartment,No,529965.0
1801.115978,7.0,2010,Jaipur,Gated Society,Unfurnished,Duplex,No,586093.0
1465.758301,5.0,1990,Lucknow,Gated Society,Semi-Furnished,Apartment,No,435487.0
2461.048417,7.0,1988,Noida,Corner Plot,Unfurnished,Duplex,No,699925.0
3558.174078,7.0,1989,Kanpur,Highway Facing,Unfurnished,Apartment,No,736329.0
2179.880978,4.0,2011,Prayagraj,Residential Lane,Semi-Furnished,Duplex,No,533498.0
3022.318426,4.0,2011,Gurugram,Residential Lane,Unfurnished,Independent House,Yes,780760.0
